Transaction_ID,Date,Customer_Name,Product,Total_Items,Total_Cost,Payment_Method,City,Store_Type,Discount_Applied,Customer_Category,Season,Promotion
1000000000,2022-01-21 06:27:29,Stacey Price,"['Ketchup', 'Shaving Cream', 'Light Bulbs']",3,71.65,Mobile Payment,Los Angeles,Warehouse Club,TRUE,Homemaker,Winter,None
1000000001,2023-03-01 13:01:21,Michelle Carlson,"['Ice Cream', 'Milk', 'Olive Oil', 'Bread', 'Potatoes']",2,25.93,Cash,San Francisco,Specialty Store,TRUE,Professional,Fall,BOGO (Buy One Get One)
1000000002,2024-03-21 15:37:04,Lisa Graves,['Spinach'],6,41.49,Credit Card,Houston,Department Store,TRUE,Professional,Winter,None
1000000003,2020-10-31 09:59:47,Mrs. Patricia May,"['Tissues', 'Mustard']",1,39.34,Mobile Payment,Chicago,Pharmacy,TRUE,Homemaker,Spring,None
1000000004,2020-12-10 00:59:59,Susan Mitchell,['Dish Soap'],10,16.42,Debit Card,Houston,Specialty Store,FALSE,Young Adult,Winter,Discount on Selected Items
1000000005,2021-10-07 12:37:26,Joshua Frazier,"['Toothpaste', 'Chicken']",3,72.24,Cash,Houston,Supermarket,TRUE,Retiree,Spring,Discount on Selected Items
1000000006,2023-01-08 10:40:03,Victoria Garrett,"['Honey', 'BBQ Sauce', 'Soda', 'Olive Oil', 'Garden Hose']",4,5.28,Cash,Boston,Specialty Store,FALSE,Student,Summer,Discount on Selected Items
1000000007,2020-09-03 12:39:59,Sydney Waller,"['Syrup', 'Trash Cans', 'Pancake Mix', 'Water', 'Mayonnaise']",5,21.77,Debit Card,Chicago,Specialty Store,FALSE,Young Adult,Winter,Discount on Selected Items
1000000008,2021-04-05 06:32:18,Kimberly Morgan,['Insect Repellent'],4,55.25,Mobile Payment,Los Angeles,Warehouse Club,FALSE,Homemaker,Fall,None
1000000009,2021-07-08 10:08:59,Lori Conway,"['Soap', 'Baby Wipes', 'Soda']",7,31.21,Mobile Payment,Boston,Convenience Store,TRUE,Young Adult,Winter,None
1000000010,2020-03-18 18:58:18,Randall Roberts,"['Extension Cords', 'Soda', 'Water', 'Garden Hose', 'Cleaning Spray']",8,91.59,Debit Card,Boston,Department Store,TRUE,Middle-Aged,Fall,BOGO (Buy One Get One)
1000000011,2023-03-30 19:26:41,Jeremiah White,"['Tea', 'Paper Towels', 'Spinach']",7,31.88,Mobile Payment,New York,Specialty Store,FALSE,Young Adult,Fall,Discount on Selected Items
1000000012,2023-05-27 15:52:59,Sheila Mcgee,"['Salmon', 'Shaving Cream']",9,39.75,Debit Card,New York,Pharmacy,FALSE,Student,Summer,Discount on Selected Items
1000000013,2023-04-02 09:24:11,Allen Miles,"['Trash Bags', 'Apple', 'Mop', 'Hair Gel']",7,17.51,Mobile Payment,Seattle,Warehouse Club,FALSE,Retiree,Winter,BOGO (Buy One Get One)
1000000014,2020-04-09 04:31:05,Mark Howard,"['Razors', 'Laundry Detergent', 'Beef']",1,33.64,Credit Card,San Francisco,Warehouse Club,TRUE,Retiree,Spring,None
1000000015,2021-01-01 04:29:07,Jesse Henderson,"['Cereal', 'Vinegar', 'Bath Towels']",7,29.57,Mobile Payment,San Francisco,Convenience Store,FALSE,Retiree,Winter,BOGO (Buy One Get One)
1000000016,2021-10-15 13:24:31,Eric Wall,"['Air Freshener', 'Feminine Hygiene Products']",5,99.7,Mobile Payment,Miami,Specialty Store,TRUE,Homemaker,Spring,None
1000000017,2021-09-16 09:28:28,Vanessa Peck,"['Power Strips', 'Honey', 'Ketchup', 'Tea', 'Shampoo']",8,15.62,Credit Card,San Francisco,Department Store,FALSE,Senior Citizen,Fall,None
1000000018,2022-07-18 11:33:28,Dominique Stout,"['Mustard', 'Dustpan']",3,98.28,Mobile Payment,New York,Warehouse Club,FALSE,Professional,Fall,BOGO (Buy One Get One)
1000000019,2021-01-31 07:52:18,Charles Brooks,['Coffee'],7,96.77,Debit Card,Chicago,Department Store,TRUE,Homemaker,Winter,Discount on Selected Items
1000000020,2021-10-31 07:46:22,Angela Jones,"['Pancake Mix', 'Vacuum Cleaner']",7,83.86,Cash,Houston,Pharmacy,FALSE,Teenager,Winter,Discount on Selected Items
1000000021,2022-12-30 20:03:19,John Roberts,"['Coffee', 'Shaving Cream']",1,39.93,Credit Card,Miami,Department Store,FALSE,Retiree,Summer,BOGO (Buy One Get One)
1000000022,2021-06-08 10:28:59,Nicole White,"['Shrimp', 'Iron', 'Cleaning Spray', 'Toilet Paper', 'Peanut Butter']",4,35.62,Mobile Payment,New York,Warehouse Club,TRUE,Retiree,Spring,BOGO (Buy One Get One)
1000000023,2020-01-03 23:24:18,Don Harris,"['Dishware', 'Pickles']",7,19.56,Cash,San Francisco,Department Store,FALSE,Retiree,Spring,BOGO (Buy One Get One)
1000000024,2023-02-27 16:46:56,Hannah Rowland,"['Sponges', 'Vacuum Cleaner', 'Iron']",4,24.03,Debit Card,Dallas,Pharmacy,FALSE,Student,Winter,None
1000000025,2020-02-14 13:19:10,Jessica Gonzalez,"['Broom', 'Cereal']",10,7.82,Credit Card,New York,Convenience Store,FALSE,Professional,Fall,BOGO (Buy One Get One)
1000000026,2020-09-21 10:34:40,Christina Smith,"['Garden Hose', 'Trash Cans']",6,49.45,Debit Card,Dallas,Warehouse Club,FALSE,Senior Citizen,Winter,Discount on Selected Items
1000000027,2020-03-26 22:08:34,Latoya Allen,"['Ketchup', 'Trash Cans', 'Toothbrush']",10,29.36,Mobile Payment,Boston,Specialty Store,FALSE,Professional,Spring,None
1000000028,2022-08-13 01:26:19,Clayton Roth,"['Tomatoes', 'Salmon']",7,21.08,Credit Card,San Francisco,Specialty Store,TRUE,Teenager,Fall,None
1000000029,2020-02-27 10:23:56,Dennis Alvarez,"['Tea', 'Salmon', 'Bath Towels', 'Toothpaste']",7,75.38,Mobile Payment,Houston,Convenience Store,TRUE,Teenager,Summer,Discount on Selected Items
1000000030,2023-01-08 22:59:24,Jose Hill,['Olive Oil'],1,73.17,Debit Card,Boston,Specialty Store,TRUE,Senior Citizen,Spring,None
1000000031,2024-05-04 13:22:31,Kristin Webb,"['Extension Cords', 'Razors', 'Chips', 'Shampoo']",4,13.34,Debit Card,Houston,Department Store,FALSE,Teenager,Summer,None
1000000032,2023-04-04 10:57:09,Robert Gilbert DDS,"['Apple', 'Butter']",7,41.4,Debit Card,Chicago,Supermarket,FALSE,Middle-Aged,Spring,None
1000000033,2022-03-26 19:18:49,Thomas Oliver,"['Broom', 'Chicken', 'Spinach', 'Broom']",8,26.67,Credit Card,Chicago,Specialty Store,TRUE,Homemaker,Spring,Discount on Selected Items
1000000034,2023-02-07 14:09:36,Stacy Owen,"['Yogurt', 'Ice Cream', 'Insect Repellent']",5,34.27,Credit Card,San Francisco,Supermarket,TRUE,Teenager,Summer,BOGO (Buy One Get One)
1000000035,2022-10-12 11:57:51,Ann Kane,"['Onions', 'Dish Soap']",10,62.33,Credit Card,Miami,Warehouse Club,FALSE,Young Adult,Spring,None
1000000036,2020-10-16 09:05:18,Mr. John Long,"['Tomatoes', 'Mustard', 'Apple', 'Hair Gel']",4,19.11,Debit Card,Chicago,Convenience Store,TRUE,Middle-Aged,Winter,Discount on Selected Items
1000000037,2020-05-31 05:35:31,Annette Robinson,['Garden Hose'],4,25.76,Mobile Payment,Los Angeles,Warehouse Club,TRUE,Homemaker,Fall,BOGO (Buy One Get One)
1000000038,2020-07-11 22:15:24,Kimberly Baldwin,"['Shower Gel', 'Dish Soap', 'Plant Fertilizer', 'Garden Hose', 'Tuna']",7,61.55,Credit Card,New York,Convenience Store,FALSE,Student,Fall,None
1000000039,2023-07-11 11:36:26,Donald Bradford,"['Potatoes', 'Air Freshener', 'Sponges', 'Onions', 'Laundry Detergent']",5,39.08,Cash,Dallas,Supermarket,FALSE,Young Adult,Spring,None
1000000040,2022-05-31 17:09:14,Mike Gilbert,['Feminine Hygiene Products'],4,12.97,Credit Card,Atlanta,Department Store,FALSE,Professional,Winter,None
1000000041,2023-07-01 20:11:15,Rebecca Morton,"['Shaving Cream', 'Butter']",8,56.99,Debit Card,Miami,Specialty Store,TRUE,Retiree,Summer,Discount on Selected Items
1000000042,2023-11-13 12:48:32,Nicole Hernandez,"['Lawn Mower', 'Eggs', 'Dustpan', 'Peanut Butter', 'Beef']",9,99.77,Cash,Boston,Specialty Store,TRUE,Professional,Spring,Discount on Selected Items
1000000043,2020-10-12 12:39:54,Paige White,"['Dustpan', 'BBQ Sauce', 'Toothbrush', 'Deodorant', 'Dish Soap']",8,29.82,Cash,Atlanta,Specialty Store,FALSE,Student,Winter,Discount on Selected Items
1000000044,2022-09-21 05:09:33,Mr. Lance Perkins,"['Bread', 'Dustpan', 'Ketchup', 'Ironing Board']",7,89.97,Cash,Atlanta,Department Store,FALSE,Middle-Aged,Winter,None
1000000045,2022-10-28 18:17:19,Kelly Foley,['Soap'],2,83.55,Credit Card,Chicago,Convenience Store,FALSE,Professional,Spring,Discount on Selected Items
1000000046,2024-05-10 23:21:05,Paula Maldonado,['Razors'],10,44.98,Cash,Dallas,Convenience Store,FALSE,Student,Fall,None
1000000047,2023-02-06 01:31:51,Roberto Franklin,"['Pasta', 'Olive Oil']",7,76.09,Mobile Payment,Los Angeles,Convenience Store,TRUE,Retiree,Summer,None
1000000048,2024-04-17 00:49:23,Steven Clements,"['Beef', 'Milk', 'Salmon', 'Shampoo']",10,55.69,Credit Card,Seattle,Department Store,TRUE,Teenager,Summer,Discount on Selected Items
1000000049,2021-06-24 14:01:31,Katherine Luna,['Tea'],3,61.53,Cash,Houston,Warehouse Club,FALSE,Retiree,Winter,Discount on Selected Items
1000000050,2021-04-10 19:14:33,Ryan Hammond,"['Hand Sanitizer', 'Plant Fertilizer', 'Baby Wipes', 'Hand Sanitizer', 'Power Strips']",1,78.46,Mobile Payment,San Francisco,Supermarket,FALSE,Teenager,Summer,Discount on Selected Items
1000000051,2023-09-18 09:06:04,Valerie Johnson,['Bread'],9,49.7,Mobile Payment,Miami,Pharmacy,TRUE,Retiree,Fall,None
1000000052,2020-05-10 17:02:07,Jennifer Mitchell,"['Vacuum Cleaner', 'Apple', 'Shrimp', 'Trash Bags', 'Carrots']",10,87.04,Mobile Payment,Boston,Convenience Store,FALSE,Senior Citizen,Summer,BOGO (Buy One Get One)
1000000053,2020-12-30 14:17:51,Nathan Schwartz,"['Shrimp', 'Cleaning Rags', 'Olive Oil', 'Soda']",2,9.55,Cash,Houston,Warehouse Club,FALSE,Senior Citizen,Fall,BOGO (Buy One Get One)
1000000054,2023-03-02 19:56:06,Rebecca Gilmore,"['Olive Oil', 'Feminine Hygiene Products', 'Toothpaste', 'Soap', 'Bath Towels']",8,46.79,Debit Card,Los Angeles,Specialty Store,FALSE,Retiree,Winter,None
1000000055,2022-06-23 18:30:47,Todd Parrish,['Peanut Butter'],7,25.89,Mobile Payment,Seattle,Specialty Store,TRUE,Student,Fall,Discount on Selected Items
1000000056,2022-05-09 08:42:36,Christopher Blake,['Orange'],6,5.21,Cash,Dallas,Warehouse Club,FALSE,Young Adult,Winter,BOGO (Buy One Get One)
1000000057,2021-11-23 07:49:29,Marie Young,"['Syrup', 'Tuna', 'Paper Towels', 'Toothpaste', 'Mustard']",3,12.72,Cash,Los Angeles,Pharmacy,TRUE,Homemaker,Summer,BOGO (Buy One Get One)
1000000058,2024-01-11 05:41:42,James Mccarthy,"['Laundry Detergent', 'BBQ Sauce']",5,15.14,Mobile Payment,Miami,Pharmacy,FALSE,Middle-Aged,Winter,Discount on Selected Items
1000000059,2020-06-30 00:58:57,Sharon Espinoza,"['Dish Soap', 'Shower Gel', 'Lawn Mower', 'Dustpan', 'Toothpaste']",4,15.68,Debit Card,Atlanta,Specialty Store,TRUE,Professional,Winter,None
1000000060,2021-11-11 03:45:51,Rachel Rasmussen,"['Dustpan', 'Bath Towels', 'Pickles', 'Sponges']",2,92.78,Credit Card,Seattle,Supermarket,TRUE,Young Adult,Fall,None
1000000061,2021-10-28 20:51:11,Thomas Lowery,"['Milk', 'Tuna', 'Ketchup', 'Broom']",10,35.95,Credit Card,Boston,Department Store,TRUE,Senior Citizen,Winter,BOGO (Buy One Get One)
1000000062,2021-06-23 06:46:40,Richard Johnston,"['Beef', 'Bread', 'Dustpan']",5,88.59,Cash,Chicago,Specialty Store,FALSE,Professional,Winter,BOGO (Buy One Get One)
1000000063,2023-08-24 05:20:40,Rebecca Vasquez,"['Pancake Mix', 'Dustpan', 'Laundry Detergent', 'Garden Hose']",6,66.87,Mobile Payment,Houston,Department Store,TRUE,Professional,Summer,BOGO (Buy One Get One)
1000000064,2021-06-28 06:41:33,Samuel Mays,"['Cereal Bars', 'Air Freshener', 'Honey', 'Laundry Detergent']",3,37.35,Cash,San Francisco,Department Store,TRUE,Young Adult,Winter,Discount on Selected Items
1000000065,2023-08-14 13:19:28,Karen Williams,"['Banana', 'Garden Hose', 'Extension Cords', 'Toothpaste', 'Syrup']",6,60.37,Debit Card,New York,Department Store,FALSE,Young Adult,Spring,BOGO (Buy One Get One)
1000000066,2022-04-08 08:49:31,Ian Murphy,['Shrimp'],8,51.42,Credit Card,Miami,Department Store,TRUE,Homemaker,Winter,None
1000000067,2020-04-04 01:57:16,Elizabeth Li,"['Broom', 'Pickles', 'Cleaning Rags']",1,54.04,Mobile Payment,Miami,Specialty Store,TRUE,Retiree,Spring,None
1000000068,2021-10-30 21:16:48,Brenda Chase,"['Peanut Butter', 'Lawn Mower', 'Syrup', 'Chicken', 'Toothpaste']",3,67.43,Cash,Dallas,Department Store,TRUE,Teenager,Fall,None
1000000069,2022-08-19 07:26:19,Anthony Miranda,"['Peanut Butter', 'Razors']",8,48.83,Cash,Seattle,Warehouse Club,FALSE,Retiree,Summer,BOGO (Buy One Get One)
1000000070,2020-09-21 09:18:47,Patricia Adams,"['Mop', 'Laundry Detergent', 'Vacuum Cleaner']",8,19.4,Credit Card,Atlanta,Pharmacy,FALSE,Senior Citizen,Fall,Discount on Selected Items
1000000071,2020-05-11 12:03:19,Jacob Douglas,"['Eggs', 'Shower Gel', 'Olive Oil']",1,12.73,Mobile Payment,Houston,Pharmacy,FALSE,Retiree,Spring,Discount on Selected Items
1000000072,2022-10-27 03:15:06,Martin Gonzalez,['Vinegar'],5,77.41,Mobile Payment,Los Angeles,Specialty Store,FALSE,Student,Spring,None
1000000073,2021-06-13 14:25:07,Sherry Nunez,"['Shaving Cream', 'Apple', 'Pickles']",4,78.52,Credit Card,Miami,Supermarket,TRUE,Homemaker,Summer,None
1000000074,2020-03-16 13:50:41,Joshua Livingston,"['Canned Soup', 'Tea']",2,16.9,Mobile Payment,Dallas,Supermarket,TRUE,Middle-Aged,Spring,Discount on Selected Items
1000000075,2023-05-28 19:43:50,Kimberly Morton,"['Syrup', 'Salmon']",1,40.11,Debit Card,Seattle,Convenience Store,FALSE,Teenager,Summer,Discount on Selected Items
1000000076,2024-04-11 22:31:18,Robin Graham,['Peanut Butter'],6,57.04,Cash,Atlanta,Warehouse Club,FALSE,Homemaker,Winter,BOGO (Buy One Get One)
1000000077,2024-03-18 02:50:31,Donna Randall,"['Hair Gel', 'Tomatoes', 'Cheese', 'Power Strips', 'Beef']",6,68.29,Mobile Payment,Los Angeles,Specialty Store,FALSE,Young Adult,Fall,BOGO (Buy One Get One)
1000000078,2021-01-06 11:48:28,Alfred Schneider,"['Light Bulbs', 'Tissues']",4,41.24,Debit Card,Dallas,Supermarket,FALSE,Homemaker,Fall,None
1000000079,2024-01-24 16:50:14,Taylor Wilson,"['Olive Oil', 'Banana']",4,72.11,Cash,Los Angeles,Department Store,TRUE,Professional,Winter,BOGO (Buy One Get One)
1000000080,2020-05-16 23:24:23,Matthew Henderson,"['Mop', 'Jam', 'Cheese', 'Hand Sanitizer']",1,65.96,Mobile Payment,Miami,Convenience Store,TRUE,Teenager,Summer,Discount on Selected Items
1000000081,2022-05-10 23:55:25,Christina Hoover,"['Diapers', 'Light Bulbs', 'Soda', 'Toothpaste']",4,80.75,Credit Card,New York,Warehouse Club,TRUE,Homemaker,Winter,Discount on Selected Items
1000000082,2021-09-12 13:17:37,Paul Tate,"['Light Bulbs', 'Hair Gel', 'Mustard', 'Iron']",9,68.09,Debit Card,New York,Specialty Store,TRUE,Retiree,Winter,BOGO (Buy One Get One)
1000000083,2020-09-10 19:56:18,Melissa Rose,"['Hand Sanitizer', 'Dish Soap', 'Deodorant', 'Cereal']",8,16.17,Debit Card,Seattle,Pharmacy,FALSE,Teenager,Spring,Discount on Selected Items
1000000084,2022-05-30 10:26:47,Brittany Simmons,"['Ketchup', 'Toothpaste']",5,89.56,Mobile Payment,Chicago,Supermarket,FALSE,Student,Winter,Discount on Selected Items
1000000085,2020-10-28 23:16:56,Henry Kirk,"['Toothpaste', 'Dishware', 'Bread', 'Eggs']",5,54.94,Credit Card,Dallas,Supermarket,FALSE,Student,Winter,None
1000000086,2020-09-22 03:20:37,James Richardson,"['Iron', 'Plant Fertilizer', 'Eggs', 'Pickles']",1,93.74,Cash,Seattle,Specialty Store,FALSE,Retiree,Fall,None
1000000087,2021-09-03 01:57:08,Keith Rodriguez,"['Air Freshener', 'Chicken', 'Shaving Cream']",10,67.87,Cash,Chicago,Specialty Store,TRUE,Retiree,Spring,None
1000000088,2020-04-23 04:16:43,Marie Owen,"['Plant Fertilizer', 'Tuna', 'Orange']",5,8.46,Cash,Seattle,Department Store,TRUE,Middle-Aged,Winter,Discount on Selected Items
1000000089,2021-03-23 19:58:18,James Adams,['Mop'],8,45.75,Credit Card,New York,Pharmacy,TRUE,Senior Citizen,Summer,BOGO (Buy One Get One)
1000000090,2023-11-18 20:40:55,Troy Durham,['Baby Wipes'],7,34.09,Debit Card,Los Angeles,Convenience Store,FALSE,Middle-Aged,Fall,None
1000000091,2023-04-03 21:35:35,Dr. Adam Chan,"['Beef', 'Cleaning Spray', 'Sponges']",1,41.48,Credit Card,Miami,Convenience Store,FALSE,Professional,Winter,Discount on Selected Items
1000000092,2023-02-08 15:22:36,Mark Blankenship,"['Tissues', 'Cheese', 'Toilet Paper', 'Cereal Bars', 'Cereal Bars']",4,37.38,Mobile Payment,Miami,Pharmacy,TRUE,Retiree,Spring,BOGO (Buy One Get One)
1000000093,2023-12-30 04:04:38,Brooke Bennett,"['Water', 'Olive Oil']",4,55.81,Cash,Boston,Convenience Store,FALSE,Young Adult,Summer,BOGO (Buy One Get One)
1000000094,2021-04-10 16:00:58,Dale Castaneda,"['Banana', 'Toothpaste', 'Iron']",1,90.7,Credit Card,Chicago,Pharmacy,FALSE,Middle-Aged,Summer,BOGO (Buy One Get One)
1000000095,2022-02-08 17:55:17,Jim Wells,"['Potatoes', 'Cleaning Spray']",3,32.25,Mobile Payment,Chicago,Convenience Store,FALSE,Teenager,Summer,BOGO (Buy One Get One)
1000000096,2021-05-11 19:50:51,Michael Johnson,"['Cleaning Rags', 'Syrup', 'BBQ Sauce']",8,94.76,Cash,Seattle,Pharmacy,FALSE,Middle-Aged,Summer,Discount on Selected Items
1000000097,2022-07-29 17:21:58,Lisa Delgado,"['Dish Soap', 'Apple']",5,50.2,Mobile Payment,Miami,Warehouse Club,TRUE,Professional,Winter,None
1000000098,2022-10-05 18:14:22,Matthew Jackson,"['Salmon', 'Dustpan', 'Yogurt']",8,29.4,Mobile Payment,Miami,Specialty Store,FALSE,Professional,Winter,None
1000000099,2020-08-01 23:03:47,Nicholas Stephens,['Eggs'],7,27.53,Credit Card,Chicago,Convenience Store,FALSE,Middle-Aged,Fall,None
1000000100,2020-01-15 21:16:12,Jean Moore,['Deodorant'],10,71.36,Mobile Payment,Houston,Warehouse Club,FALSE,Teenager,Spring,Discount on Selected Items
1000000101,2021-03-15 01:30:26,Daniel Johnson,['Canned Soup'],8,8.22,Mobile Payment,New York,Convenience Store,FALSE,Student,Fall,None
1000000102,2022-10-22 16:34:21,Maria Murray MD,"['Soda', 'Laundry Detergent', 'Vinegar', 'Toothbrush']",1,92.73,Credit Card,Los Angeles,Department Store,FALSE,Senior Citizen,Winter,None
1000000103,2020-02-10 01:48:04,Scott Hunter,"['Bath Towels', 'Canned Soup']",10,93.1,Cash,San Francisco,Convenience Store,FALSE,Professional,Summer,Discount on Selected Items
1000000104,2022-12-27 06:34:48,Sean Moore,"['Air Freshener', 'Tuna', 'Onions', 'Baby Wipes']",2,12.24,Cash,New York,Department Store,TRUE,Retiree,Fall,None
1000000105,2021-04-21 03:43:05,Alexander Harmon,"['Trash Bags', 'Feminine Hygiene Products', 'Lawn Mower', 'Ice Cream']",10,20.13,Cash,Seattle,Supermarket,TRUE,Young Adult,Summer,Discount on Selected Items
1000000106,2022-05-14 12:06:21,David Rodriguez,"['Tuna', 'Coffee', 'Trash Cans']",8,48.09,Mobile Payment,Dallas,Pharmacy,TRUE,Retiree,Spring,BOGO (Buy One Get One)
1000000107,2023-01-30 16:47:57,Linda Davis,"['Sponges', 'Cleaning Rags', 'Razors', 'Tuna']",2,37.71,Cash,Seattle,Pharmacy,FALSE,Retiree,Winter,Discount on Selected Items
1000000108,2023-10-11 18:27:18,Linda Hayden,"['Razors', 'Light Bulbs', 'Trash Cans', 'Honey']",9,30.3,Credit Card,Seattle,Supermarket,FALSE,Teenager,Spring,BOGO (Buy One Get One)
1000000109,2022-09-24 01:38:43,Connie Baker,"['Mustard', 'Soap', 'Bread', 'Pasta', 'Shaving Cream']",7,57.89,Mobile Payment,Seattle,Department Store,TRUE,Middle-Aged,Winter,Discount on Selected Items
1000000110,2021-04-23 13:09:53,Mr. Kenneth Watson,"['Chips', 'Canned Soup', 'Cleaning Spray', 'Olive Oil']",8,15.34,Cash,Miami,Department Store,TRUE,Teenager,Winter,BOGO (Buy One Get One)
1000000111,2022-09-21 12:12:44,Maurice Brown,"['Air Freshener', 'Laundry Detergent', 'Cleaning Spray', 'Shaving Cream', 'Ketchup']",10,90.93,Cash,Miami,Specialty Store,TRUE,Teenager,Fall,None
1000000112,2022-01-11 11:36:50,William Wood,"['Tissues', 'Insect Repellent', 'Bread', 'Pancake Mix']",2,63.34,Cash,Atlanta,Pharmacy,TRUE,Student,Fall,None
1000000113,2023-04-24 01:06:26,Javier Ryan,"['Feminine Hygiene Products', 'Pickles']",2,48.86,Credit Card,Miami,Supermarket,FALSE,Teenager,Spring,Discount on Selected Items
1000000114,2021-07-31 22:35:35,Mr. David Casey,"['Pasta', 'Orange']",1,44.08,Debit Card,Los Angeles,Supermarket,TRUE,Teenager,Winter,None
1000000115,2021-12-12 02:59:50,Ms. Megan Hicks,"['Shower Gel', 'Pickles', 'Bread', 'Sponges']",1,79.64,Cash,San Francisco,Pharmacy,TRUE,Teenager,Fall,None
1000000116,2024-03-05 06:13:20,Debbie Tucker,['Apple'],5,43.61,Mobile Payment,San Francisco,Pharmacy,TRUE,Teenager,Fall,BOGO (Buy One Get One)
1000000117,2021-01-05 21:56:18,Joseph Guzman,"['Spinach', 'Chips', 'Diapers', 'Tissues']",6,25.23,Credit Card,San Francisco,Convenience Store,FALSE,Middle-Aged,Fall,BOGO (Buy One Get One)
1000000118,2023-04-06 20:51:07,Xavier Tran,"['Yogurt', 'Power Strips']",7,13.28,Credit Card,Seattle,Specialty Store,TRUE,Teenager,Fall,None
1000000119,2021-06-21 07:37:06,Janet Sullivan,"['Extension Cords', 'Insect Repellent']",1,60.7,Debit Card,Atlanta,Department Store,FALSE,Retiree,Winter,None
1000000120,2023-02-26 11:40:59,James Ray,"['Cleaning Spray', 'Trash Cans']",8,53.89,Mobile Payment,New York,Department Store,FALSE,Senior Citizen,Summer,Discount on Selected Items
1000000121,2022-03-21 14:49:58,Jason Marshall,"['Vacuum Cleaner', 'Spinach']",8,14.37,Debit Card,Los Angeles,Convenience Store,FALSE,Homemaker,Winter,BOGO (Buy One Get One)
1000000122,2020-08-29 13:41:33,Alexander Wright,['Shampoo'],9,56.04,Mobile Payment,Chicago,Department Store,TRUE,Student,Spring,None
1000000123,2023-09-17 23:36:37,Cathy Jackson,"['Bath Towels', 'Feminine Hygiene Products']",4,44.49,Credit Card,Miami,Department Store,FALSE,Homemaker,Spring,BOGO (Buy One Get One)
1000000124,2023-08-21 07:05:31,Mercedes Anderson,"['Ketchup', 'Eggs', 'Mop', 'Mop']",7,66.28,Debit Card,Miami,Supermarket,FALSE,Homemaker,Fall,None
1000000125,2021-05-02 14:10:54,Anthony Christensen,"['Pasta', 'Coffee', 'Canned Soup']",8,23.96,Cash,Chicago,Convenience Store,TRUE,Young Adult,Spring,None
1000000126,2022-08-10 00:26:19,Cameron Walker,"['Canned Soup', 'Toothpaste', 'Olive Oil']",10,68.06,Debit Card,San Francisco,Department Store,TRUE,Professional,Winter,None
1000000127,2021-06-02 05:16:55,Paul Brown,"['Soap', 'Trash Cans', 'Shampoo', 'Hair Gel', 'Eggs']",7,33.04,Cash,Boston,Pharmacy,TRUE,Professional,Spring,BOGO (Buy One Get One)
1000000128,2024-04-30 02:08:34,Kimberly Stevens,['Paper Towels'],6,34.28,Cash,Los Angeles,Warehouse Club,FALSE,Professional,Fall,None
1000000129,2020-10-28 23:23:04,Jordan Garcia,"['Rice', 'Broom', 'Insect Repellent', 'Shower Gel']",4,24.12,Mobile Payment,Houston,Supermarket,TRUE,Retiree,Summer,Discount on Selected Items
1000000130,2022-09-08 07:32:40,Ryan Joseph II,"['Tea', 'Ironing Board']",8,9.31,Credit Card,Miami,Supermarket,FALSE,Middle-Aged,Winter,BOGO (Buy One Get One)
1000000131,2022-09-02 23:11:17,Debbie Brown,"['Hand Sanitizer', 'Tomatoes', 'Yogurt', 'Hair Gel']",10,86.98,Mobile Payment,Boston,Department Store,FALSE,Senior Citizen,Summer,BOGO (Buy One Get One)
1000000132,2021-04-18 21:43:40,Dawn Pratt,"['Carrots', 'Extension Cords']",5,83.34,Mobile Payment,Atlanta,Convenience Store,FALSE,Senior Citizen,Spring,Discount on Selected Items
1000000133,2022-07-08 20:10:34,Madison Hill,"['Carrots', 'Ice Cream', 'Orange', 'Hair Gel']",6,40.37,Debit Card,Boston,Department Store,FALSE,Teenager,Winter,Discount on Selected Items
1000000134,2020-10-28 03:12:39,Kelly Atkinson,"['Hair Gel', 'Toothpaste', 'Dish Soap', 'Sponges', 'Spinach']",1,7.14,Mobile Payment,Atlanta,Department Store,FALSE,Teenager,Spring,Discount on Selected Items
1000000135,2020-05-04 09:30:35,Patricia Fuller,"['Insect Repellent', 'Peanut Butter', 'Potatoes', 'Tissues', 'Trash Cans']",1,56.7,Mobile Payment,Seattle,Specialty Store,FALSE,Professional,Fall,BOGO (Buy One Get One)
1000000136,2021-02-26 11:14:04,Debra Brown,"['Feminine Hygiene Products', 'Ironing Board', 'Power Strips', 'Tomatoes']",9,90.9,Credit Card,Chicago,Department Store,FALSE,Teenager,Fall,Discount on Selected Items
1000000137,2023-11-02 09:25:00,Brett Hernandez,"['Ketchup', 'Power Strips', 'Dustpan']",9,59.02,Mobile Payment,Chicago,Specialty Store,FALSE,Professional,Winter,BOGO (Buy One Get One)
1000000138,2021-04-07 10:10:36,Diane Hughes,"['BBQ Sauce', 'Tuna', 'Honey']",3,36.46,Mobile Payment,Dallas,Warehouse Club,TRUE,Middle-Aged,Spring,None
1000000139,2022-11-03 02:17:41,Jeffrey Jones,"['Tuna', 'Toilet Paper']",2,73.35,Credit Card,Dallas,Specialty Store,FALSE,Senior Citizen,Winter,None
1000000140,2020-12-08 16:09:29,Frank Torres,"['Cheese', 'Shaving Cream']",5,52.95,Mobile Payment,San Francisco,Pharmacy,TRUE,Teenager,Summer,None
1000000141,2023-03-05 04:11:13,Daniel Mcguire,"['Coffee', 'Laundry Detergent', 'Jam']",1,77.42,Credit Card,Miami,Warehouse Club,TRUE,Professional,Fall,None
1000000142,2023-03-18 16:05:02,Russell Harmon,"['Deodorant', 'Ironing Board', 'Spinach']",7,53.23,Cash,Miami,Specialty Store,FALSE,Student,Summer,BOGO (Buy One Get One)
1000000143,2024-04-04 05:28:15,John Benitez,"['Ketchup', 'Razors', 'Shaving Cream']",4,71.54,Credit Card,Miami,Department Store,TRUE,Teenager,Fall,Discount on Selected Items
1000000144,2022-11-19 23:47:44,Wesley Delacruz,"['Dish Soap', 'Ironing Board', 'Carrots', 'Light Bulbs']",6,78.93,Cash,San Francisco,Pharmacy,TRUE,Teenager,Fall,None
1000000145,2023-02-07 02:49:22,Shannon Reid,['Hand Sanitizer'],4,76.86,Mobile Payment,Seattle,Convenience Store,TRUE,Student,Summer,Discount on Selected Items
1000000146,2022-12-31 19:41:36,Steven Brown,"['Laundry Detergent', 'BBQ Sauce', 'Butter', 'Garden Hose', 'Paper Towels']",2,25.04,Debit Card,Miami,Pharmacy,TRUE,Senior Citizen,Winter,Discount on Selected Items
1000000147,2021-03-18 13:20:00,Harold Miller,"['Peanut Butter', 'Coffee']",1,62.25,Cash,Los Angeles,Warehouse Club,TRUE,Middle-Aged,Spring,Discount on Selected Items
1000000148,2023-07-28 08:34:42,Jessica Middleton,"['Chips', 'Broom', 'Paper Towels']",6,45.81,Debit Card,Chicago,Department Store,FALSE,Middle-Aged,Winter,None
1000000149,2021-04-11 04:00:58,Luke Bell,"['Orange', 'Orange']",4,47.73,Debit Card,Houston,Warehouse Club,TRUE,Retiree,Summer,Discount on Selected Items
1000000150,2020-09-22 10:18:39,James Morales,"['Potatoes', 'Light Bulbs', 'Toothbrush']",2,58.89,Debit Card,Seattle,Specialty Store,FALSE,Professional,Winter,None
1000000151,2021-04-17 12:55:07,Ian Wilkinson,"['Pancake Mix', 'Cheese', 'Insect Repellent', 'Beef', 'Bread']",9,65.15,Debit Card,San Francisco,Department Store,TRUE,Middle-Aged,Summer,BOGO (Buy One Get One)
1000000152,2020-07-28 04:10:22,Jason Andrade,['Onions'],8,73.23,Credit Card,Los Angeles,Supermarket,TRUE,Professional,Fall,None
1000000153,2023-12-11 12:45:12,Zachary Anderson,"['Air Freshener', 'Sponges']",10,54.02,Cash,New York,Pharmacy,TRUE,Teenager,Spring,BOGO (Buy One Get One)
1000000154,2023-09-20 21:00:52,Michael Perkins,['Air Freshener'],9,87.79,Credit Card,Seattle,Warehouse Club,FALSE,Young Adult,Summer,Discount on Selected Items
1000000155,2020-04-18 01:29:28,Andre Davis,['Spinach'],6,36.1,Mobile Payment,Los Angeles,Supermarket,FALSE,Senior Citizen,Fall,Discount on Selected Items
1000000156,2023-10-09 12:34:08,Heather Le,"['Tea', 'Soda']",7,98.26,Cash,Dallas,Convenience Store,FALSE,Middle-Aged,Fall,Discount on Selected Items
1000000157,2021-10-11 03:22:18,Morgan Black,"['Cereal Bars', 'Paper Towels', 'Orange']",6,44.73,Mobile Payment,San Francisco,Warehouse Club,TRUE,Teenager,Winter,None
1000000158,2023-03-19 13:07:44,Chelsea Harding,"['Hair Gel', 'Trash Bags', 'Power Strips', 'Feminine Hygiene Products']",5,35.83,Debit Card,Seattle,Warehouse Club,TRUE,Senior Citizen,Summer,BOGO (Buy One Get One)
1000000159,2021-11-20 09:58:17,Tracy Bruce,['Paper Towels'],9,64.32,Mobile Payment,Miami,Warehouse Club,TRUE,Middle-Aged,Spring,Discount on Selected Items
1000000160,2024-02-28 14:41:48,Michael Perez,"['Water', 'Mop']",9,71.79,Mobile Payment,New York,Supermarket,FALSE,Senior Citizen,Summer,BOGO (Buy One Get One)
1000000161,2022-03-10 22:42:00,Ryan Atkinson,"['Tissues', 'Jam']",9,86.43,Mobile Payment,Miami,Specialty Store,TRUE,Retiree,Summer,None
1000000162,2022-10-26 23:16:09,Trevor Miller,['Olive Oil'],5,57.3,Mobile Payment,Chicago,Pharmacy,TRUE,Senior Citizen,Winter,BOGO (Buy One Get One)
1000000163,2020-08-20 15:17:10,Lisa Taylor,"['Plant Fertilizer', 'Shower Gel', 'Tuna']",6,21.9,Cash,Chicago,Specialty Store,FALSE,Young Adult,Winter,Discount on Selected Items
1000000164,2023-12-03 03:08:14,Erik Russell,"['Pickles', 'Cleaning Spray']",7,53.99,Cash,Los Angeles,Department Store,TRUE,Middle-Aged,Winter,None
1000000165,2021-04-25 05:04:49,Ms. Bianca Larson DDS,"['BBQ Sauce', 'Eggs', 'Shrimp']",10,38.13,Mobile Payment,New York,Department Store,FALSE,Young Adult,Summer,Discount on Selected Items
1000000166,2024-04-24 21:49:53,Gary Jones,"['Trash Cans', 'Toothpaste', 'Broom', 'Baby Wipes', 'Tea']",5,53.09,Cash,Dallas,Department Store,FALSE,Professional,Fall,BOGO (Buy One Get One)
1000000167,2020-10-24 14:25:04,Douglas Gray,['Power Strips'],8,82.66,Cash,Los Angeles,Specialty Store,TRUE,Homemaker,Summer,None
1000000168,2020-06-28 18:14:35,Lori Davis,"['Toothbrush', 'Toothbrush', 'BBQ Sauce', 'Dustpan', 'Banana']",4,63.4,Credit Card,Seattle,Convenience Store,TRUE,Middle-Aged,Spring,None
1000000169,2023-06-24 14:37:26,Kelly Hall MD,"['Bread', 'Toothpaste', 'Syrup', 'Ironing Board', 'Cleaning Spray']",9,20.51,Debit Card,New York,Pharmacy,FALSE,Teenager,Spring,BOGO (Buy One Get One)
1000000170,2023-09-03 18:28:01,Scott Johnson,"['Onions', 'Peanut Butter', 'Tomatoes', 'Mayonnaise']",7,35.13,Mobile Payment,Dallas,Department Store,FALSE,Homemaker,Spring,None
1000000171,2023-02-14 22:57:04,Regina Andersen,"['Syrup', 'Tuna']",7,55.45,Mobile Payment,Los Angeles,Warehouse Club,TRUE,Senior Citizen,Winter,Discount on Selected Items
1000000172,2021-08-27 21:54:19,Jennifer Schmidt,"['Power Strips', 'Eggs', 'Butter', 'Onions']",9,43.37,Credit Card,Seattle,Pharmacy,TRUE,Homemaker,Summer,Discount on Selected Items
1000000173,2020-11-11 23:34:19,Manuel Drake,"['Tissues', 'Spinach', 'Light Bulbs']",7,51.27,Mobile Payment,Dallas,Convenience Store,FALSE,Middle-Aged,Summer,None
1000000174,2021-04-16 22:38:36,James Ho DDS,"['Mustard', 'Trash Cans']",3,34.82,Cash,Seattle,Convenience Store,TRUE,Student,Summer,None
1000000175,2024-04-07 21:08:08,Ryan Snow,"['Honey', 'Cereal Bars', 'Sponges', 'Olive Oil']",2,90.68,Cash,Seattle,Convenience Store,TRUE,Teenager,Winter,BOGO (Buy One Get One)
1000000176,2023-01-23 07:31:14,Jessica Nolan,"['BBQ Sauce', 'Cleaning Spray', 'Broom']",8,85.09,Debit Card,Seattle,Warehouse Club,TRUE,Homemaker,Fall,Discount on Selected Items
1000000177,2022-11-13 20:33:27,Joann Davies,"['Trash Bags', 'Extension Cords', 'Beef']",1,31.59,Credit Card,Chicago,Pharmacy,FALSE,Senior Citizen,Winter,None
1000000178,2024-03-17 00:34:38,Lori Hill,['Onions'],8,75.06,Debit Card,Chicago,Specialty Store,FALSE,Professional,Winter,Discount on Selected Items
1000000179,2021-12-16 19:32:28,Trevor Jenkins,"['Honey', 'Salmon', 'Diapers', 'Hair Gel']",5,45.77,Debit Card,San Francisco,Pharmacy,TRUE,Middle-Aged,Fall,BOGO (Buy One Get One)
1000000180,2021-06-21 05:47:31,Jose Baker,"['Canned Soup', 'Deodorant', 'Banana', 'Chips', 'Shampoo']",3,33.17,Mobile Payment,Los Angeles,Supermarket,FALSE,Retiree,Spring,BOGO (Buy One Get One)
1000000181,2020-12-05 01:54:53,Courtney Meyer,"['BBQ Sauce', 'Garden Hose', 'Hair Gel']",10,12.81,Debit Card,Chicago,Convenience Store,TRUE,Young Adult,Winter,BOGO (Buy One Get One)
1000000182,2020-11-18 08:26:46,John Burton,"['Vinegar', 'Soap']",2,74.81,Credit Card,New York,Supermarket,TRUE,Young Adult,Fall,Discount on Selected Items
1000000183,2021-12-31 01:19:06,Janet Robinson,"['Toothpaste', 'Jam', 'Tissues']",1,74.53,Debit Card,San Francisco,Department Store,FALSE,Middle-Aged,Fall,BOGO (Buy One Get One)
1000000184,2022-03-09 04:31:31,Mitchell Jackson,['Mustard'],6,6.4,Mobile Payment,Atlanta,Warehouse Club,TRUE,Professional,Winter,Discount on Selected Items
1000000185,2020-03-31 05:22:40,Paula Gutierrez,"['Ice Cream', 'Ice Cream', 'Laundry Detergent']",9,80.32,Mobile Payment,Los Angeles,Warehouse Club,TRUE,Homemaker,Spring,None
1000000186,2022-01-06 08:14:52,Rebecca Rice,"['Toothpaste', 'Paper Towels']",3,83.91,Cash,San Francisco,Pharmacy,TRUE,Homemaker,Spring,BOGO (Buy One Get One)
1000000187,2022-09-15 21:05:42,Samantha Wallace,"['Carrots', 'Air Freshener', 'Butter', 'Cleaning Spray']",5,58.92,Mobile Payment,Dallas,Supermarket,FALSE,Retiree,Fall,None
1000000188,2022-09-13 05:58:50,Luke Hall,"['Bath Towels', 'Vinegar']",5,97.89,Mobile Payment,Los Angeles,Department Store,TRUE,Middle-Aged,Winter,Discount on Selected Items
1000000189,2021-03-28 23:25:21,Michael Gonzalez,['Dish Soap'],6,54.23,Credit Card,Seattle,Convenience Store,FALSE,Retiree,Winter,BOGO (Buy One Get One)
1000000190,2024-01-14 10:01:30,Tyler Smith,"['Shrimp', 'Chips']",5,5.78,Mobile Payment,Chicago,Specialty Store,FALSE,Student,Summer,BOGO (Buy One Get One)
1000000191,2020-02-11 11:41:25,Terry Norman,"['Paper Towels', 'Cleaning Rags']",9,62.26,Debit Card,San Francisco,Specialty Store,TRUE,Retiree,Fall,None
1000000192,2024-04-26 00:16:33,Cody Cobb,"['Yogurt', 'Iron', 'Shaving Cream', 'Hand Sanitizer']",1,99.16,Debit Card,Houston,Warehouse Club,FALSE,Retiree,Winter,None
1000000193,2020-10-13 15:30:29,Sierra Scott,"['Chicken', 'Paper Towels', 'Cleaning Rags', 'Razors', 'Power Strips']",6,32.23,Debit Card,Boston,Department Store,TRUE,Retiree,Fall,Discount on Selected Items
1000000194,2020-07-24 06:17:02,Emily Underwood,"['Air Freshener', 'Iron', 'Ice Cream', 'Ketchup']",10,39.68,Cash,Houston,Pharmacy,FALSE,Senior Citizen,Winter,None
1000000195,2023-04-01 14:19:17,Arthur Myers,"['Shampoo', 'Beef']",8,41.12,Mobile Payment,Miami,Supermarket,FALSE,Student,Fall,Discount on Selected Items
1000000196,2022-04-24 04:38:44,Nicole Cantrell,"['Paper Towels', 'Trash Cans', 'Dustpan', 'Syrup', 'Iron']",8,36.12,Cash,Dallas,Department Store,FALSE,Middle-Aged,Winter,Discount on Selected Items
1000000197,2022-06-04 19:22:15,John Martin,"['Shrimp', 'Feminine Hygiene Products', 'Toilet Paper', 'Water']",10,84.07,Cash,Miami,Pharmacy,FALSE,Homemaker,Spring,None
1000000198,2021-01-26 05:46:56,Jerry Williams,"['Pasta', 'Shampoo']",4,39.56,Debit Card,Chicago,Supermarket,TRUE,Retiree,Winter,None
1000000199,2022-02-06 01:27:37,Jeffrey Brown,"['Garden Hose', 'Cheese', 'Bath Towels']",3,77.39,Cash,Miami,Pharmacy,TRUE,Young Adult,Winter,BOGO (Buy One Get One)
1000000200,2023-06-11 10:26:52,Andrea Snyder,"['Honey', 'Yogurt', 'Potatoes', 'Apple', 'Onions']",5,83.36,Debit Card,Boston,Department Store,TRUE,Professional,Fall,BOGO (Buy One Get One)
1000000201,2024-02-16 00:17:11,Nancy Jackson,"['Shower Gel', 'Onions']",2,26.81,Debit Card,Houston,Pharmacy,FALSE,Teenager,Winter,None
1000000202,2020-03-01 20:12:51,Olivia Jimenez,"['Peanut Butter', 'Diapers']",7,28.7,Mobile Payment,Atlanta,Specialty Store,FALSE,Retiree,Winter,BOGO (Buy One Get One)
1000000203,2021-09-11 18:36:17,Angel Garcia,"['Cereal Bars', 'Tomatoes']",5,8.06,Credit Card,Seattle,Warehouse Club,TRUE,Senior Citizen,Fall,None
1000000204,2023-11-29 19:00:15,Amy Rodriguez,['Sponges'],3,89.38,Cash,Miami,Warehouse Club,TRUE,Homemaker,Spring,BOGO (Buy One Get One)
1000000205,2023-12-27 05:05:28,Angela Clark,"['Chips', 'Shampoo', 'Trash Bags', 'Soap', 'Dishware']",8,18.75,Mobile Payment,San Francisco,Specialty Store,FALSE,Teenager,Summer,Discount on Selected Items
1000000206,2023-05-01 05:29:56,Kelly Thompson,['Garden Hose'],6,9.02,Mobile Payment,San Francisco,Warehouse Club,TRUE,Homemaker,Winter,Discount on Selected Items
1000000207,2021-04-10 08:08:00,Ryan Melendez,"['Spinach', 'Feminine Hygiene Products', 'Onions', 'BBQ Sauce']",9,17.34,Mobile Payment,Chicago,Supermarket,FALSE,Homemaker,Fall,BOGO (Buy One Get One)
1000000208,2022-06-01 00:16:42,Kimberly Cisneros,"['Paper Towels', 'Toothpaste']",10,8.22,Cash,Chicago,Warehouse Club,FALSE,Young Adult,Winter,Discount on Selected Items
1000000209,2021-08-20 06:00:45,Cole Smith,"['Mustard', 'Chicken', 'Bread']",5,33.07,Cash,Boston,Supermarket,TRUE,Middle-Aged,Spring,BOGO (Buy One Get One)
1000000210,2023-09-17 01:37:28,Craig Smith,"['Pasta', 'Carrots', 'Power Strips', 'Shrimp']",6,48.16,Credit Card,Miami,Convenience Store,FALSE,Young Adult,Fall,Discount on Selected Items
1000000211,2021-05-04 16:16:06,Rodney Randolph,"['Onions', 'Plant Fertilizer', 'Ice Cream', 'Tuna']",5,74.82,Debit Card,Houston,Warehouse Club,FALSE,Teenager,Summer,Discount on Selected Items
1000000212,2020-09-30 11:28:51,Patrick Campbell,"['Paper Towels', 'Rice', 'Mayonnaise', 'Pickles', 'Mayonnaise']",8,75.3,Cash,Boston,Department Store,TRUE,Young Adult,Winter,Discount on Selected Items
1000000213,2021-09-30 05:17:21,Emily Whitehead,"['Carrots', 'Orange', 'Paper Towels', 'Soap']",3,83.89,Credit Card,Miami,Convenience Store,TRUE,Retiree,Winter,None
1000000214,2023-05-12 08:08:44,Shawn Joyce,"['Shaving Cream', 'Dustpan', 'Rice', 'Orange', 'Honey']",6,30.28,Mobile Payment,Seattle,Warehouse Club,FALSE,Senior Citizen,Spring,None
1000000215,2020-01-03 23:36:11,Ashley White,"['Coffee', 'Hair Gel', 'Vacuum Cleaner']",4,95.87,Credit Card,Los Angeles,Supermarket,FALSE,Professional,Fall,BOGO (Buy One Get One)
1000000216,2022-05-03 19:43:09,Richard Harris,"['Pancake Mix', 'Water', 'Air Freshener', 'Tea']",6,55.43,Mobile Payment,Dallas,Pharmacy,FALSE,Middle-Aged,Spring,BOGO (Buy One Get One)
1000000217,2021-09-18 05:56:15,Matthew Bowen,"['Butter', 'Onions', 'Diapers']",7,21.95,Cash,Boston,Department Store,TRUE,Teenager,Winter,Discount on Selected Items
1000000218,2021-09-04 06:01:56,James Smith,"['Milk', 'Insect Repellent', 'BBQ Sauce', 'BBQ Sauce', 'Hair Gel']",9,52.4,Credit Card,Los Angeles,Department Store,FALSE,Senior Citizen,Summer,BOGO (Buy One Get One)
1000000219,2020-11-06 04:18:59,Julia Baldwin,"['Trash Bags', 'Cleaning Rags']",7,14.82,Mobile Payment,New York,Department Store,FALSE,Retiree,Fall,BOGO (Buy One Get One)
1000000220,2024-02-02 13:06:48,Kathleen Cline,"['Butter', 'Ketchup']",8,16.19,Debit Card,Miami,Warehouse Club,FALSE,Student,Fall,BOGO (Buy One Get One)
1000000221,2023-04-20 04:26:59,Ashley Jones,['Ketchup'],1,24.33,Credit Card,Houston,Department Store,TRUE,Professional,Spring,None
1000000222,2021-02-05 07:29:54,Matthew Hogan,['Baby Wipes'],4,55.11,Cash,San Francisco,Specialty Store,TRUE,Retiree,Summer,Discount on Selected Items
1000000223,2023-03-01 23:31:35,Kristin Hudson,['Toothpaste'],4,77.38,Debit Card,San Francisco,Convenience Store,TRUE,Professional,Spring,None
1000000224,2020-10-09 05:10:56,Terri Dunn,"['Banana', 'Feminine Hygiene Products']",2,34.8,Credit Card,Atlanta,Supermarket,TRUE,Homemaker,Summer,Discount on Selected Items
1000000225,2021-08-13 13:03:49,Jorge Keller,"['Vacuum Cleaner', 'Ironing Board', 'Olive Oil', 'Tea', 'Shrimp']",7,72.49,Credit Card,San Francisco,Convenience Store,FALSE,Senior Citizen,Summer,BOGO (Buy One Get One)
1000000226,2022-11-17 05:57:26,Leslie Bell,['Mayonnaise'],7,20.05,Debit Card,Seattle,Warehouse Club,TRUE,Middle-Aged,Winter,Discount on Selected Items
1000000227,2020-02-15 09:07:09,Bradley Flynn,"['Shaving Cream', 'Power Strips', 'Laundry Detergent', 'Orange', 'Hand Sanitizer']",2,11.27,Cash,San Francisco,Department Store,TRUE,Senior Citizen,Winter,BOGO (Buy One Get One)
1000000228,2021-02-21 21:33:57,Morgan Phillips,"['Rice', 'Ketchup']",9,37.45,Cash,Atlanta,Convenience Store,FALSE,Homemaker,Winter,Discount on Selected Items
1000000229,2021-07-10 18:05:53,Victoria Duran,['Broom'],10,64.57,Credit Card,San Francisco,Department Store,TRUE,Teenager,Fall,None
1000000230,2022-05-15 13:30:45,Bruce Smith,"['Onions', 'Salmon']",2,68.41,Debit Card,Dallas,Specialty Store,FALSE,Young Adult,Fall,BOGO (Buy One Get One)
1000000231,2022-09-15 19:30:06,Miss Jaime Roy MD,"['Potatoes', 'Pancake Mix', 'Peanut Butter', 'Jam']",7,83.52,Cash,San Francisco,Warehouse Club,TRUE,Young Adult,Spring,None
1000000232,2021-07-12 19:21:05,Paul Kline,"['Shower Gel', 'Peanut Butter', 'Baby Wipes', 'Hair Gel']",6,89.63,Debit Card,San Francisco,Convenience Store,FALSE,Student,Spring,None
1000000233,2023-04-24 04:09:08,Mary Ryan,"['Laundry Detergent', 'Hand Sanitizer']",4,98.79,Cash,Seattle,Convenience Store,FALSE,Young Adult,Summer,BOGO (Buy One Get One)
1000000234,2023-05-09 07:42:11,Charles Parrish,"['Light Bulbs', 'Plant Fertilizer', 'Bath Towels', 'Cleaning Rags']",6,96.7,Credit Card,Houston,Convenience Store,TRUE,Young Adult,Summer,None
1000000235,2023-12-06 22:36:13,Victor Baker,"['Soap', 'Banana', 'Tea', 'Feminine Hygiene Products', 'Mustard']",10,69.01,Mobile Payment,Chicago,Specialty Store,TRUE,Homemaker,Fall,None
1000000236,2023-07-24 04:23:08,Mary Graham,"['Water', 'Toothbrush']",2,48.93,Mobile Payment,Miami,Pharmacy,TRUE,Middle-Aged,Winter,None
1000000237,2023-12-04 13:25:59,Matthew Peterson,"['Cleaning Spray', 'Eggs', 'Olive Oil', 'Baby Wipes', 'Shrimp']",4,30.54,Mobile Payment,Seattle,Supermarket,TRUE,Senior Citizen,Winter,Discount on Selected Items
1000000238,2023-04-25 09:57:58,Leslie Walsh,"['Deodorant', 'BBQ Sauce', 'Trash Cans']",5,96.3,Cash,Miami,Supermarket,FALSE,Senior Citizen,Spring,None
1000000239,2022-08-31 22:42:52,Gabriel Lucero,['Bread'],10,46.3,Mobile Payment,Chicago,Warehouse Club,FALSE,Student,Summer,Discount on Selected Items
1000000240,2022-11-21 07:58:19,Connor Moore,"['Syrup', 'Tomatoes']",9,57.15,Cash,Dallas,Department Store,FALSE,Retiree,Summer,Discount on Selected Items
1000000241,2022-12-03 02:43:00,Amy Campbell,"['Shaving Cream', 'Laundry Detergent', 'BBQ Sauce', 'Air Freshener']",2,26.07,Debit Card,San Francisco,Supermarket,TRUE,Middle-Aged,Winter,None
1000000242,2020-04-20 02:30:22,Lee Ramirez,"['Shrimp', 'Orange', 'Tomatoes', 'Soda', 'Deodorant']",2,63.6,Mobile Payment,Chicago,Warehouse Club,TRUE,Teenager,Winter,None
1000000243,2020-03-11 18:33:23,Jaime Parker,"['Sponges', 'Chicken', 'Syrup', 'Cleaning Spray', 'Honey']",8,40.37,Mobile Payment,Dallas,Department Store,TRUE,Young Adult,Fall,None
1000000244,2022-04-01 11:38:31,James Bailey,"['Tomatoes', 'Laundry Detergent']",3,73.4,Debit Card,Los Angeles,Supermarket,TRUE,Professional,Winter,BOGO (Buy One Get One)
1000000245,2022-12-16 10:50:39,Sara Lee,"['Shaving Cream', 'Mustard']",10,17.67,Credit Card,Los Angeles,Specialty Store,TRUE,Young Adult,Fall,None
1000000246,2021-10-27 14:16:11,Joanne Flores,"['Insect Repellent', 'Shaving Cream', 'Shampoo', 'Sponges']",3,78.54,Mobile Payment,Miami,Department Store,TRUE,Young Adult,Spring,BOGO (Buy One Get One)
1000000247,2023-04-18 14:44:26,Kevin Cruz,"['Olive Oil', 'Dish Soap', 'Dish Soap']",6,51.17,Debit Card,Houston,Specialty Store,TRUE,Retiree,Spring,Discount on Selected Items
1000000248,2020-11-24 20:47:02,Dawn Benson,"['Milk', 'Tuna', 'Honey', 'Shower Gel']",1,70.51,Cash,Miami,Pharmacy,FALSE,Homemaker,Summer,BOGO (Buy One Get One)
1000000249,2021-04-16 11:55:29,Ronald Pacheco,['Extension Cords'],10,59.67,Cash,Atlanta,Specialty Store,TRUE,Homemaker,Fall,None
1000000250,2024-01-24 03:46:07,Tracey Allen,"['Bread', 'Deodorant', 'Banana']",8,37.95,Credit Card,Seattle,Supermarket,FALSE,Senior Citizen,Winter,None
1000000251,2021-01-03 09:31:32,Tamara Burke,"['Razors', 'Coffee', 'Vinegar', 'Chips', 'Chips']",3,32.37,Mobile Payment,Los Angeles,Pharmacy,FALSE,Student,Winter,BOGO (Buy One Get One)
1000000252,2022-04-13 04:44:33,Cheryl Benson,"['Cleaning Rags', 'Pickles', 'Shaving Cream', 'Mustard']",9,13.02,Debit Card,San Francisco,Warehouse Club,FALSE,Senior Citizen,Fall,None
1000000253,2020-12-19 02:54:03,Taylor Jimenez,['Cereal Bars'],7,7.48,Mobile Payment,Seattle,Specialty Store,FALSE,Professional,Spring,None
1000000254,2023-03-01 20:48:47,Brenda Greene,"['Trash Bags', 'Trash Bags', 'Pickles']",5,52.41,Cash,Los Angeles,Department Store,TRUE,Teenager,Winter,None
1000000255,2021-08-25 11:41:56,Mark Johnson,['Shrimp'],6,89.55,Mobile Payment,Seattle,Convenience Store,TRUE,Student,Fall,None
1000000256,2022-02-20 22:41:41,Kenneth Williams,"['Milk', 'Hair Gel']",3,31.45,Debit Card,Boston,Convenience Store,TRUE,Retiree,Fall,BOGO (Buy One Get One)
1000000257,2024-04-17 12:35:54,Nicholas Ellison,"['Toothpaste', 'Soda', 'Toothbrush']",8,83.46,Mobile Payment,Dallas,Warehouse Club,TRUE,Student,Fall,BOGO (Buy One Get One)
1000000258,2023-03-03 15:39:07,Felicia Johnson,"['Trash Cans', 'Razors']",5,78.95,Credit Card,Atlanta,Department Store,TRUE,Middle-Aged,Fall,Discount on Selected Items
1000000259,2021-12-11 10:43:54,Kelly Adams,['Insect Repellent'],7,46.35,Credit Card,Seattle,Warehouse Club,TRUE,Retiree,Fall,Discount on Selected Items
1000000260,2022-05-09 08:59:01,Richard Hopkins,['Lawn Mower'],8,68.97,Debit Card,Dallas,Convenience Store,FALSE,Middle-Aged,Winter,None
1000000261,2022-11-21 12:53:46,Brenda Brown,['Spinach'],1,92.52,Debit Card,Chicago,Warehouse Club,TRUE,Retiree,Winter,Discount on Selected Items
1000000262,2021-12-14 17:24:13,David Henry,"['Insect Repellent', 'Dishware', 'Apple']",7,12.66,Credit Card,Los Angeles,Supermarket,TRUE,Teenager,Summer,None
1000000263,2020-05-31 15:32:44,Catherine Rodriguez,"['Soap', 'Dish Soap', 'Chips', 'Tea']",4,35.47,Credit Card,New York,Department Store,TRUE,Student,Summer,None
1000000264,2021-09-08 12:36:46,Sean Obrien,"['Garden Hose', 'Milk', 'Lawn Mower']",7,19.95,Mobile Payment,New York,Supermarket,FALSE,Teenager,Summer,None
1000000265,2023-11-15 17:33:06,Scott Byrd,"['Light Bulbs', 'Honey', 'Bath Towels', 'Cereal Bars', 'Rice']",10,9.62,Credit Card,Seattle,Department Store,FALSE,Homemaker,Spring,None
1000000266,2022-09-27 03:45:21,Sheila Carroll,"['Plant Fertilizer', 'Vacuum Cleaner']",9,32.72,Mobile Payment,Houston,Department Store,TRUE,Teenager,Fall,BOGO (Buy One Get One)
1000000267,2020-01-02 00:27:51,Jason Rodriguez,"['Insect Repellent', 'Hand Sanitizer', 'Honey', 'Dish Soap', 'Pickles']",8,15.37,Debit Card,New York,Department Store,TRUE,Professional,Fall,None
1000000268,2023-01-16 11:25:56,Edward Anderson,"['Cleaning Spray', 'Cereal Bars']",3,32.89,Mobile Payment,Atlanta,Supermarket,FALSE,Student,Spring,Discount on Selected Items
1000000269,2020-11-22 01:11:55,Benjamin Barber,"['Mayonnaise', 'Tissues', 'Potatoes', 'Salmon']",10,41.46,Debit Card,Dallas,Pharmacy,FALSE,Retiree,Fall,Discount on Selected Items
1000000270,2023-11-19 08:21:58,Lisa Evans,"['Milk', 'Banana']",1,35.02,Debit Card,Dallas,Supermarket,FALSE,Homemaker,Winter,BOGO (Buy One Get One)
1000000271,2022-12-17 17:26:40,Tracey Jackson,"['Syrup', 'Spinach', 'Ironing Board']",7,49.32,Credit Card,Los Angeles,Convenience Store,TRUE,Senior Citizen,Summer,BOGO (Buy One Get One)
1000000272,2023-12-08 17:42:48,Taylor Daniels,"['Sponges', 'Shrimp', 'Soda']",3,5.84,Credit Card,Houston,Convenience Store,FALSE,Retiree,Winter,None
1000000273,2023-11-09 07:56:37,Dwayne Herrera,"['Eggs', 'Paper Towels']",6,35.12,Mobile Payment,Los Angeles,Department Store,TRUE,Teenager,Spring,Discount on Selected Items
1000000274,2023-10-19 06:38:17,Stephanie Robinson,"['Toothpaste', 'Bath Towels', 'Carrots']",8,49.02,Credit Card,Seattle,Supermarket,FALSE,Student,Summer,Discount on Selected Items
1000000275,2022-07-23 06:10:41,Caleb Bailey,"['Insect Repellent', 'Power Strips', 'Toothbrush', 'Yogurt']",1,96.66,Cash,Dallas,Pharmacy,TRUE,Student,Winter,None
1000000276,2023-10-27 17:47:23,Eric Moore DDS,"['Pancake Mix', 'Mop']",2,63.83,Cash,Chicago,Convenience Store,TRUE,Young Adult,Spring,BOGO (Buy One Get One)
1000000277,2021-09-26 04:44:59,Barbara Griffin,"['Hand Sanitizer', 'Mustard', 'Toilet Paper', 'Water']",10,51.19,Debit Card,Miami,Supermarket,FALSE,Professional,Fall,Discount on Selected Items
1000000278,2021-03-18 10:25:46,Jennifer Harrington DDS,['Syrup'],5,71.7,Debit Card,San Francisco,Pharmacy,FALSE,Professional,Spring,BOGO (Buy One Get One)
1000000279,2021-03-25 23:26:49,Bryce Smith,"['Shaving Cream', 'Jam']",9,9.39,Credit Card,Los Angeles,Convenience Store,TRUE,Homemaker,Fall,None
1000000280,2020-03-01 18:27:24,Suzanne Silva,"['Ketchup', 'Hand Sanitizer', 'Orange', 'Vacuum Cleaner']",2,49.74,Cash,Atlanta,Convenience Store,TRUE,Homemaker,Fall,Discount on Selected Items
1000000281,2020-09-17 21:44:18,David Prince,"['Dishware', 'Soap']",10,74.53,Mobile Payment,Dallas,Department Store,FALSE,Student,Summer,None
1000000282,2021-01-10 16:28:23,Dawn Alvarado,"['Ice Cream', 'Cereal', 'Feminine Hygiene Products', 'Ice Cream', 'Coffee']",1,60.52,Mobile Payment,Seattle,Specialty Store,TRUE,Middle-Aged,Fall,None
1000000283,2020-05-27 05:12:58,Susan Lee,"['Pasta', 'Toilet Paper', 'Chips', 'Light Bulbs', 'Toilet Paper']",4,42.33,Credit Card,Seattle,Pharmacy,FALSE,Teenager,Winter,BOGO (Buy One Get One)
1000000284,2022-10-21 13:17:16,Pamela Adams,"['Pancake Mix', 'Cereal']",9,88.86,Mobile Payment,Los Angeles,Pharmacy,FALSE,Senior Citizen,Winter,None
1000000285,2022-05-08 12:22:09,Jessica Shaffer,"['Cereal Bars', 'Cleaning Rags', 'Chips', 'Hand Sanitizer', 'Deodorant']",9,51.18,Debit Card,Miami,Supermarket,TRUE,Professional,Fall,Discount on Selected Items
1000000286,2023-05-30 06:57:24,Mitchell Johnson,"['Peanut Butter', 'Vacuum Cleaner', 'Milk']",2,38.71,Mobile Payment,New York,Specialty Store,TRUE,Student,Winter,BOGO (Buy One Get One)
1000000287,2023-01-02 21:20:47,Robert Ibarra,"['Shampoo', 'Tuna', 'Shaving Cream', 'Dustpan']",1,19.4,Mobile Payment,Boston,Department Store,TRUE,Homemaker,Fall,Discount on Selected Items
1000000288,2021-07-15 13:56:50,Mr. Matthew Wang,"['Trash Bags', 'Vinegar', 'Banana', 'Pickles', 'Ketchup']",6,10.92,Credit Card,New York,Convenience Store,FALSE,Professional,Spring,BOGO (Buy One Get One)
1000000289,2021-04-12 13:52:33,Michele Davis,"['Mop', 'Soap']",4,79.33,Debit Card,Miami,Specialty Store,FALSE,Homemaker,Fall,None
1000000290,2020-05-31 23:16:25,Karen Jones,['Hand Sanitizer'],1,62.37,Mobile Payment,Atlanta,Pharmacy,FALSE,Teenager,Spring,None
1000000291,2023-05-29 05:46:55,Kristi Sanchez,['Lawn Mower'],10,49.86,Mobile Payment,San Francisco,Supermarket,FALSE,Professional,Winter,Discount on Selected Items
1000000292,2020-11-12 03:27:23,James Aguilar,"['Cereal', 'Honey', 'Carrots', 'Cheese', 'Broom']",5,74.16,Cash,Houston,Specialty Store,TRUE,Retiree,Winter,BOGO (Buy One Get One)
1000000293,2020-09-10 04:28:35,Lawrence Allison,"['Chips', 'Cleaning Spray', 'Iron', 'Carrots', 'Shaving Cream']",4,20.89,Credit Card,Chicago,Department Store,FALSE,Senior Citizen,Fall,None
1000000294,2021-05-08 11:46:35,Benjamin Nguyen,"['Iron', 'Butter', 'Shower Gel', 'Broom']",2,8.7,Mobile Payment,Miami,Convenience Store,TRUE,Retiree,Winter,None
1000000295,2020-03-15 10:32:29,Gina Gomez,"['Milk', 'Extension Cords', 'Mayonnaise', 'Hand Sanitizer']",4,85.09,Credit Card,Dallas,Pharmacy,FALSE,Young Adult,Fall,BOGO (Buy One Get One)
1000000296,2022-03-12 19:42:41,Gerald Massey,"['Mop', 'Ketchup', 'Tomatoes', 'Spinach']",6,29.08,Debit Card,Los Angeles,Convenience Store,FALSE,Senior Citizen,Fall,Discount on Selected Items
1000000297,2020-08-04 11:17:31,William Willis,['Eggs'],9,32.57,Mobile Payment,San Francisco,Specialty Store,FALSE,Teenager,Winter,BOGO (Buy One Get One)
1000000298,2022-02-10 10:43:44,Tracy Wu,"['Tea', 'Cereal', 'Honey', 'Cleaning Spray', 'Ketchup']",8,10.35,Cash,Boston,Supermarket,TRUE,Senior Citizen,Winter,BOGO (Buy One Get One)
1000000299,2024-03-23 04:55:50,Michael Wallace,"['Bath Towels', 'Beef', 'Tomatoes']",7,38.49,Credit Card,Atlanta,Pharmacy,FALSE,Senior Citizen,Spring,BOGO (Buy One Get One)
1000000300,2021-06-05 08:46:40,Carolyn Harris,"['Shampoo', 'Tuna', 'Olive Oil', 'Peanut Butter', 'Carrots']",6,39.63,Mobile Payment,San Francisco,Convenience Store,FALSE,Middle-Aged,Fall,BOGO (Buy One Get One)
1000000301,2023-07-15 23:55:15,Michele Davis,"['BBQ Sauce', 'Power Strips']",10,23.55,Credit Card,Chicago,Department Store,TRUE,Senior Citizen,Spring,BOGO (Buy One Get One)
1000000302,2020-06-04 15:28:57,Molly Hernandez,"['Paper Towels', 'Shrimp', 'Feminine Hygiene Products', 'Dishware']",8,32.72,Cash,Chicago,Pharmacy,FALSE,Student,Summer,BOGO (Buy One Get One)
1000000303,2021-02-24 18:47:01,Ashley Knight,"['Beef', 'Hand Sanitizer', 'Mayonnaise', 'Rice']",3,67.55,Debit Card,San Francisco,Department Store,FALSE,Student,Winter,None
1000000304,2022-12-17 17:38:42,Jessica Crawford,"['Toothbrush', 'Hand Sanitizer']",6,64.24,Mobile Payment,Seattle,Supermarket,FALSE,Student,Winter,Discount on Selected Items
1000000305,2022-02-13 04:42:09,Yvette Bailey,['Coffee'],4,55.28,Mobile Payment,Seattle,Supermarket,TRUE,Young Adult,Fall,BOGO (Buy One Get One)
1000000306,2023-04-14 07:18:49,Mary Miller,['Toothpaste'],9,79.37,Debit Card,Los Angeles,Pharmacy,TRUE,Teenager,Summer,BOGO (Buy One Get One)
1000000307,2021-02-10 04:20:09,Ashley Turner,"['Banana', 'Canned Soup']",1,87.95,Debit Card,Miami,Pharmacy,TRUE,Middle-Aged,Spring,Discount on Selected Items
1000000308,2023-06-22 21:28:54,Dustin Walker,"['Olive Oil', 'Diapers']",4,40.3,Cash,Los Angeles,Supermarket,FALSE,Professional,Summer,Discount on Selected Items
1000000309,2023-01-28 20:59:23,Lynn Hopkins,"['Shrimp', 'Pancake Mix']",1,30.56,Mobile Payment,Chicago,Warehouse Club,TRUE,Professional,Summer,BOGO (Buy One Get One)
1000000310,2022-08-18 08:02:30,Taylor Cole,"['Salmon', 'Plant Fertilizer', 'Cleaning Spray', 'Apple']",2,50.36,Credit Card,Dallas,Department Store,TRUE,Student,Winter,BOGO (Buy One Get One)
1000000311,2020-01-07 01:35:58,Jeffrey Wilson,['Shaving Cream'],4,90.15,Debit Card,New York,Department Store,TRUE,Homemaker,Fall,Discount on Selected Items
1000000312,2020-12-02 18:12:16,Christopher Nichols,['Deodorant'],1,42.33,Debit Card,Atlanta,Warehouse Club,TRUE,Student,Spring,BOGO (Buy One Get One)
1000000313,2022-12-27 09:21:27,Jacob Washington,['Laundry Detergent'],7,85.12,Mobile Payment,San Francisco,Supermarket,TRUE,Young Adult,Spring,BOGO (Buy One Get One)
1000000314,2023-07-06 12:06:12,Ann Gamble,"['Tuna', 'Chips', 'Chicken', 'Potatoes', 'Dustpan']",7,72.38,Debit Card,Boston,Pharmacy,FALSE,Professional,Spring,None
1000000315,2024-03-01 18:10:22,Michael Ray,['Soap'],4,57.72,Credit Card,Miami,Pharmacy,TRUE,Teenager,Spring,BOGO (Buy One Get One)
1000000316,2020-06-24 05:01:02,Karen Meyer,"['Soap', 'Cheese', 'Eggs', 'Cleaning Spray', 'Ketchup']",8,13.0,Credit Card,Seattle,Supermarket,FALSE,Middle-Aged,Fall,Discount on Selected Items
1000000317,2020-10-03 13:50:43,Candice Shelton,['Garden Hose'],5,10.01,Credit Card,Chicago,Specialty Store,FALSE,Homemaker,Fall,None
1000000318,2023-02-02 02:05:40,Cindy Russell,"['Shampoo', 'Salmon', 'Soda']",1,31.74,Mobile Payment,Houston,Supermarket,FALSE,Professional,Spring,BOGO (Buy One Get One)
1000000319,2022-07-23 05:13:11,Taylor Brady,"['Vacuum Cleaner', 'Garden Hose', 'Tea']",8,49.45,Debit Card,Boston,Convenience Store,TRUE,Senior Citizen,Fall,Discount on Selected Items
1000000320,2021-01-27 05:09:58,Paula Turner,"['Soap', 'Iron']",7,49.92,Mobile Payment,San Francisco,Warehouse Club,FALSE,Senior Citizen,Summer,Discount on Selected Items
1000000321,2024-01-09 11:41:57,Jasmine Vasquez,['Feminine Hygiene Products'],9,23.17,Cash,Houston,Convenience Store,FALSE,Student,Spring,Discount on Selected Items
1000000322,2023-01-08 11:51:39,Christopher Johnson,"['Dish Soap', 'Lawn Mower']",7,57.85,Credit Card,San Francisco,Pharmacy,TRUE,Young Adult,Winter,None
1000000323,2021-04-17 20:11:03,Christopher Chandler,"['Bread', 'Mop', 'Ketchup', 'Chicken', 'Tuna']",7,47.75,Debit Card,Seattle,Convenience Store,FALSE,Retiree,Winter,Discount on Selected Items
1000000324,2021-11-17 00:42:04,Susan Ball,"['Ketchup', 'Garden Hose']",3,79.65,Cash,Chicago,Warehouse Club,TRUE,Senior Citizen,Winter,None
1000000325,2021-11-11 02:24:37,Bobby Warner,['Light Bulbs'],3,61.53,Debit Card,Miami,Warehouse Club,TRUE,Teenager,Winter,BOGO (Buy One Get One)
1000000326,2020-07-01 00:49:29,Victoria Jenkins,"['Beef', 'Yogurt', 'Garden Hose']",10,97.35,Mobile Payment,Chicago,Pharmacy,FALSE,Middle-Aged,Fall,BOGO (Buy One Get One)
1000000327,2021-04-19 22:13:14,Tyler Lara,['Dustpan'],1,86.32,Mobile Payment,Atlanta,Pharmacy,TRUE,Senior Citizen,Fall,Discount on Selected Items
1000000328,2022-05-20 17:13:05,Ronald Chandler,"['Trash Cans', 'Shampoo', 'Diapers', 'Diapers']",5,64.68,Debit Card,Chicago,Department Store,TRUE,Homemaker,Winter,None
1000000329,2022-10-10 04:25:10,Xavier Palmer,"['Onions', 'Vinegar', 'Cleaning Rags', 'Ketchup']",7,93.03,Debit Card,Atlanta,Pharmacy,FALSE,Professional,Summer,Discount on Selected Items
1000000330,2020-02-05 13:58:28,Lance Sims,"['Mustard', 'Shrimp', 'Shampoo', 'Feminine Hygiene Products']",4,64.91,Cash,New York,Convenience Store,FALSE,Middle-Aged,Fall,Discount on Selected Items
1000000331,2021-06-25 13:48:49,Richard Dean,"['Deodorant', 'Paper Towels']",4,70.94,Mobile Payment,New York,Department Store,TRUE,Young Adult,Fall,Discount on Selected Items
1000000332,2024-01-01 08:46:11,Corey Scott,['Soap'],4,70.4,Mobile Payment,Dallas,Pharmacy,FALSE,Middle-Aged,Summer,BOGO (Buy One Get One)
1000000333,2021-03-02 10:44:56,Timothy Calderon,"['Shower Gel', 'Pickles', 'Salmon', 'Extension Cords', 'Lawn Mower']",6,91.65,Debit Card,Houston,Specialty Store,FALSE,Teenager,Fall,Discount on Selected Items
1000000334,2022-02-02 11:39:38,Richard Clark,"['Insect Repellent', 'Canned Soup', 'Ironing Board', 'Vinegar', 'Peanut Butter']",2,19.73,Mobile Payment,Seattle,Specialty Store,FALSE,Retiree,Summer,Discount on Selected Items
1000000335,2024-04-16 11:13:42,Adrienne Long,['Canned Soup'],2,21.44,Debit Card,Boston,Pharmacy,FALSE,Middle-Aged,Summer,BOGO (Buy One Get One)
1000000336,2021-09-14 00:26:13,Tanya Murphy,"['Hand Sanitizer', 'Ice Cream', 'Tea']",7,50.77,Mobile Payment,Seattle,Supermarket,FALSE,Student,Winter,BOGO (Buy One Get One)
1000000337,2023-03-19 09:39:59,Traci Stevens,"['Mop', 'Shrimp', 'Shrimp', 'Cleaning Rags']",4,42.82,Debit Card,Houston,Supermarket,TRUE,Retiree,Winter,BOGO (Buy One Get One)
1000000338,2022-02-24 22:44:21,Melissa Freeman,"['Olive Oil', 'Chips', 'Apple', 'Iron']",9,28.77,Debit Card,Chicago,Warehouse Club,TRUE,Homemaker,Spring,None
1000000339,2020-10-01 10:24:46,Colleen Mata,['Bath Towels'],2,17.73,Credit Card,Chicago,Convenience Store,FALSE,Professional,Fall,BOGO (Buy One Get One)
1000000340,2022-02-05 19:17:25,Justin Rodriguez,"['Ironing Board', 'Pasta']",1,28.8,Mobile Payment,Dallas,Supermarket,TRUE,Student,Winter,None
1000000341,2024-03-07 20:33:45,Daniel Thomas,['Tuna'],2,87.03,Credit Card,Miami,Department Store,TRUE,Student,Summer,Discount on Selected Items
1000000342,2020-04-30 08:47:19,Susan Martin,['Dish Soap'],7,70.54,Mobile Payment,Houston,Convenience Store,FALSE,Teenager,Spring,None
1000000343,2020-12-14 16:57:18,Monica Howard,"['Salmon', 'Tea', 'Yogurt']",9,96.33,Cash,San Francisco,Department Store,FALSE,Senior Citizen,Summer,BOGO (Buy One Get One)
1000000344,2020-10-01 12:19:56,Lauren Perry,"['Mustard', 'Vinegar', 'Light Bulbs', 'Cleaning Spray']",2,44.84,Credit Card,San Francisco,Pharmacy,TRUE,Senior Citizen,Fall,None
1000000345,2021-07-31 00:30:24,Cynthia Peters,"['Bread', 'Syrup', 'Laundry Detergent']",6,64.31,Mobile Payment,Houston,Department Store,FALSE,Homemaker,Winter,None
1000000346,2020-03-23 08:45:02,Andrew Shelton,['Mustard'],2,84.74,Debit Card,Miami,Convenience Store,TRUE,Teenager,Fall,Discount on Selected Items
1000000347,2020-06-11 22:09:27,Richard Page,['Apple'],3,49.65,Mobile Payment,Atlanta,Department Store,FALSE,Student,Winter,BOGO (Buy One Get One)
1000000348,2020-11-12 09:56:14,Gregory George,"['Hand Sanitizer', 'Honey', 'Hair Gel', 'Feminine Hygiene Products', 'Honey']",5,77.91,Debit Card,Miami,Department Store,FALSE,Professional,Spring,Discount on Selected Items
1000000349,2022-05-18 20:42:23,Joe Price,"['Extension Cords', 'Milk', 'Razors', 'Lawn Mower', 'Milk']",5,43.82,Cash,Boston,Specialty Store,TRUE,Homemaker,Summer,BOGO (Buy One Get One)
1000000350,2024-03-05 14:03:54,Marissa Cisneros,"['Cereal Bars', 'Vacuum Cleaner', 'Coffee', 'Onions', 'Cleaning Spray']",7,85.19,Credit Card,Miami,Department Store,TRUE,Student,Summer,None
1000000351,2021-12-13 16:53:19,Debbie Burns,"['Lawn Mower', 'Soda', 'Beef', 'Shampoo']",1,37.88,Mobile Payment,Boston,Pharmacy,TRUE,Teenager,Fall,None
1000000352,2021-09-29 10:27:15,William Cole,"['Toothpaste', 'Air Freshener', 'Toothpaste']",5,92.53,Debit Card,Miami,Convenience Store,TRUE,Young Adult,Winter,None
1000000353,2024-03-18 04:37:42,David Gallagher,"['Plant Fertilizer', 'Hand Sanitizer', 'Potatoes', 'Shower Gel']",4,34.83,Cash,Boston,Specialty Store,TRUE,Student,Summer,None
1000000354,2022-03-19 18:56:51,Melissa Mullins,['Hand Sanitizer'],4,44.79,Credit Card,Boston,Department Store,FALSE,Middle-Aged,Fall,BOGO (Buy One Get One)
1000000355,2020-12-07 08:07:10,James Smith,"['Mop', 'Shower Gel', 'Cheese']",9,87.09,Cash,San Francisco,Department Store,TRUE,Homemaker,Summer,Discount on Selected Items
1000000356,2021-10-02 00:39:23,James Harris,"['Shampoo', 'Shampoo']",5,27.92,Mobile Payment,Dallas,Specialty Store,FALSE,Professional,Winter,BOGO (Buy One Get One)
1000000357,2022-02-02 02:18:49,Melinda Daniels,"['Pancake Mix', 'Toilet Paper', 'Paper Towels']",3,23.43,Credit Card,Chicago,Specialty Store,TRUE,Teenager,Spring,None
1000000358,2022-03-08 03:02:47,Barbara Shepard,"['Olive Oil', 'Tea']",7,56.8,Mobile Payment,Atlanta,Specialty Store,TRUE,Professional,Fall,BOGO (Buy One Get One)
1000000359,2023-12-07 14:00:01,Tyler Lambert,"['Beef', 'Onions']",8,84.44,Mobile Payment,Boston,Department Store,FALSE,Homemaker,Fall,Discount on Selected Items
1000000360,2023-12-03 00:49:53,Amanda Sanchez,"['Beef', 'Olive Oil']",9,13.58,Cash,Chicago,Department Store,FALSE,Homemaker,Winter,None
1000000361,2023-10-04 18:32:21,Kelly Tucker,['Baby Wipes'],6,19.22,Mobile Payment,San Francisco,Specialty Store,TRUE,Young Adult,Summer,BOGO (Buy One Get One)
1000000362,2020-08-22 18:00:36,Tiffany Wilson,"['Toothpaste', 'Vacuum Cleaner', 'Mayonnaise', 'Ketchup']",7,85.72,Cash,Chicago,Specialty Store,FALSE,Teenager,Summer,Discount on Selected Items
1000000363,2023-03-26 06:38:53,Seth Johnson,"['Dustpan', 'Peanut Butter']",3,97.56,Credit Card,Seattle,Convenience Store,TRUE,Young Adult,Winter,None
1000000364,2020-03-21 19:13:42,Julie Perez,"['Mop', 'Toothpaste']",9,47.37,Debit Card,Seattle,Supermarket,TRUE,Senior Citizen,Spring,Discount on Selected Items
1000000365,2021-12-07 23:42:25,Dustin Taylor,"['Honey', 'Chips', 'Pickles', 'Shampoo', 'Milk']",9,53.5,Mobile Payment,Boston,Supermarket,FALSE,Senior Citizen,Fall,BOGO (Buy One Get One)
1000000366,2021-04-23 07:59:12,Julia Ramirez,['Extension Cords'],3,57.72,Mobile Payment,Houston,Pharmacy,FALSE,Retiree,Summer,BOGO (Buy One Get One)
1000000367,2023-04-03 05:06:08,Richard Benjamin,"['Honey', 'Mop', 'Spinach', 'Feminine Hygiene Products']",3,46.88,Cash,San Francisco,Supermarket,TRUE,Senior Citizen,Winter,None
1000000368,2021-05-21 13:54:21,Richard Hamilton,"['Ironing Board', 'Toothbrush', 'Toothpaste']",4,97.58,Credit Card,New York,Department Store,TRUE,Young Adult,Fall,None
1000000369,2022-08-31 08:17:51,Deborah Reid,"['Insect Repellent', 'Lawn Mower']",8,7.26,Debit Card,Miami,Warehouse Club,TRUE,Senior Citizen,Winter,None
1000000370,2023-11-19 20:51:49,Rachel Brown,['Apple'],2,8.4,Cash,Chicago,Convenience Store,FALSE,Teenager,Summer,None
1000000371,2020-08-18 04:17:55,Brett Smith,['Toilet Paper'],7,62.14,Debit Card,Chicago,Department Store,TRUE,Homemaker,Winter,Discount on Selected Items
1000000372,2021-06-28 15:03:56,Austin Hughes,['Laundry Detergent'],9,68.55,Cash,Boston,Pharmacy,FALSE,Teenager,Spring,None
1000000373,2020-12-23 04:04:35,Mark Smith,"['Paper Towels', 'Onions', 'Water']",3,70.09,Debit Card,Houston,Convenience Store,FALSE,Professional,Winter,BOGO (Buy One Get One)
1000000374,2022-11-02 00:41:54,Diana Giles,"['Potatoes', 'Yogurt', 'Toothpaste', 'Carrots']",8,23.85,Credit Card,Miami,Pharmacy,FALSE,Teenager,Summer,BOGO (Buy One Get One)
1000000375,2023-01-22 00:34:33,Cassandra Lloyd,"['Cheese', 'Cleaning Spray', 'Insect Repellent', 'Beef']",8,52.07,Cash,San Francisco,Department Store,FALSE,Student,Summer,Discount on Selected Items
1000000376,2021-08-01 20:48:53,Laura Phillips,"['Chicken', 'Toothpaste', 'Pickles', 'Laundry Detergent']",4,73.02,Mobile Payment,San Francisco,Specialty Store,FALSE,Student,Summer,BOGO (Buy One Get One)
1000000377,2023-07-02 04:52:44,Derrick Chen,"['Apple', 'Dustpan', 'Plant Fertilizer', 'Trash Bags', 'Trash Cans']",10,75.92,Credit Card,Los Angeles,Warehouse Club,TRUE,Student,Summer,BOGO (Buy One Get One)
1000000378,2020-06-26 18:40:25,Patricia Bernard,"['Tomatoes', 'Yogurt', 'Vinegar', 'Cheese']",3,39.81,Credit Card,Atlanta,Convenience Store,FALSE,Young Adult,Fall,None
1000000379,2023-01-12 02:37:30,Rebecca Martinez,"['Shrimp', 'Peanut Butter', 'Vinegar', 'Beef', 'Hand Sanitizer']",5,76.15,Mobile Payment,Seattle,Specialty Store,FALSE,Middle-Aged,Spring,BOGO (Buy One Get One)
1000000380,2021-04-20 20:48:40,Victor Stein,"['Hair Gel', 'Dish Soap', 'Rice', 'Salmon']",10,64.22,Mobile Payment,Los Angeles,Specialty Store,FALSE,Senior Citizen,Fall,None
1000000381,2020-03-17 06:46:19,Thomas Mason,"['Shaving Cream', 'Spinach', 'Deodorant']",2,45.26,Credit Card,Boston,Supermarket,TRUE,Student,Summer,BOGO (Buy One Get One)
1000000382,2020-10-10 15:23:44,Carla Thomas,"['Toothbrush', 'Plant Fertilizer']",7,33.01,Debit Card,Boston,Supermarket,FALSE,Homemaker,Fall,BOGO (Buy One Get One)
1000000383,2021-12-18 21:20:24,Bradley Smith,['Orange'],8,42.14,Credit Card,Seattle,Convenience Store,FALSE,Homemaker,Fall,None
1000000384,2020-06-30 18:24:38,Joshua Chase,"['Sponges', 'Air Freshener', 'Banana', 'Feminine Hygiene Products', 'Shaving Cream']",5,50.18,Credit Card,Houston,Convenience Store,TRUE,Young Adult,Winter,BOGO (Buy One Get One)
1000000385,2023-07-08 14:17:20,Cheryl Olsen,"['Cleaning Rags', 'Jam', 'Cheese', 'Carrots']",3,64.83,Cash,Boston,Warehouse Club,FALSE,Senior Citizen,Fall,Discount on Selected Items
1000000386,2021-04-03 23:52:29,Benjamin Cabrera,"['Tuna', 'Baby Wipes', 'Carrots']",3,26.2,Debit Card,Dallas,Convenience Store,FALSE,Homemaker,Fall,None
1000000387,2021-05-18 22:19:37,Joseph Nichols,"['Plant Fertilizer', 'Pickles', 'Olive Oil', 'Pancake Mix', 'Deodorant']",7,65.94,Debit Card,Chicago,Pharmacy,TRUE,Student,Summer,BOGO (Buy One Get One)
1000000388,2023-07-09 10:26:12,Meghan Johnson,"['Razors', 'Extension Cords', 'Orange', 'Ice Cream', 'Pasta']",4,63.15,Cash,Houston,Convenience Store,TRUE,Senior Citizen,Winter,Discount on Selected Items
1000000389,2020-09-14 01:48:20,Holly Mora,"['Bath Towels', 'Rice', 'Cleaning Rags']",5,87.35,Debit Card,Miami,Specialty Store,FALSE,Homemaker,Spring,BOGO (Buy One Get One)
1000000390,2024-03-14 19:01:00,Michael Smith,['Salmon'],8,65.9,Debit Card,New York,Convenience Store,FALSE,Professional,Spring,None
1000000391,2024-01-13 17:11:02,Paul York,"['Canned Soup', 'Cheese', 'Beef']",6,93.82,Debit Card,San Francisco,Department Store,FALSE,Teenager,Winter,Discount on Selected Items
1000000392,2022-08-11 05:30:54,Justin Garza,['Toothpaste'],1,80.96,Mobile Payment,San Francisco,Department Store,TRUE,Young Adult,Spring,None
1000000393,2023-05-27 18:18:07,James Jones,"['Potatoes', 'Toothbrush']",2,67.96,Mobile Payment,Chicago,Department Store,TRUE,Senior Citizen,Winter,Discount on Selected Items
1000000394,2022-03-06 15:18:07,Randall Davis,"['Shower Gel', 'Shampoo', 'Dishware']",8,37.94,Cash,Boston,Supermarket,FALSE,Teenager,Spring,Discount on Selected Items
1000000395,2022-08-28 04:37:03,Julie Hopkins,"['Tea', 'Beef', 'Coffee']",9,83.46,Mobile Payment,San Francisco,Pharmacy,FALSE,Professional,Spring,BOGO (Buy One Get One)
1000000396,2020-10-30 09:20:29,Zachary Compton,"['Olive Oil', 'Banana', 'Orange', 'Coffee']",6,70.61,Debit Card,Seattle,Supermarket,FALSE,Student,Spring,Discount on Selected Items
1000000397,2021-02-19 11:51:33,Michelle White,"['Bread', 'Bread', 'Trash Cans', 'Beef']",9,42.74,Mobile Payment,Atlanta,Pharmacy,TRUE,Middle-Aged,Fall,BOGO (Buy One Get One)
1000000398,2023-02-05 15:44:41,Jennifer Owens,['Eggs'],7,93.47,Debit Card,Dallas,Department Store,TRUE,Professional,Summer,BOGO (Buy One Get One)
1000000399,2022-08-25 15:48:44,James Howe MD,['Rice'],2,12.11,Cash,Dallas,Pharmacy,FALSE,Homemaker,Fall,BOGO (Buy One Get One)
1000000400,2021-03-20 15:08:02,Kimberly Gomez,"['Toothpaste', 'Extension Cords', 'Lawn Mower', 'Yogurt']",10,96.09,Credit Card,Houston,Supermarket,TRUE,Senior Citizen,Spring,None
1000000401,2020-09-06 06:05:54,Kathy Ross,['Trash Bags'],9,27.43,Credit Card,San Francisco,Supermarket,FALSE,Teenager,Winter,BOGO (Buy One Get One)
1000000402,2020-08-15 21:47:37,Ariel Howell,['Broom'],3,48.89,Credit Card,Chicago,Department Store,FALSE,Middle-Aged,Spring,None
1000000403,2020-04-05 04:08:42,Lisa Smith,"['Tea', 'Garden Hose', 'Lawn Mower', 'Butter', 'Broom']",3,58.34,Credit Card,Houston,Warehouse Club,TRUE,Young Adult,Spring,BOGO (Buy One Get One)
1000000404,2021-04-28 13:09:15,Randy Nelson,['Orange'],2,13.42,Mobile Payment,Los Angeles,Supermarket,TRUE,Retiree,Fall,None
1000000405,2022-09-14 07:20:35,Joseph Miller,['Canned Soup'],7,10.64,Cash,Houston,Specialty Store,TRUE,Middle-Aged,Summer,Discount on Selected Items
1000000406,2022-09-17 14:28:48,Paul Hart,"['Pasta', 'Tissues', 'Canned Soup', 'Ice Cream']",9,84.6,Debit Card,Miami,Convenience Store,FALSE,Teenager,Winter,Discount on Selected Items
1000000407,2020-09-22 11:18:25,Megan Hardin,"['Ice Cream', 'Shower Gel', 'Toothpaste', 'Laundry Detergent', 'Vacuum Cleaner']",7,30.16,Debit Card,Houston,Warehouse Club,FALSE,Young Adult,Spring,BOGO (Buy One Get One)
1000000408,2020-11-20 17:02:25,Jennifer Lee,"['Shaving Cream', 'Mustard', 'Peanut Butter', 'Toothpaste', 'Toothbrush']",1,92.09,Debit Card,Chicago,Warehouse Club,TRUE,Teenager,Spring,Discount on Selected Items
1000000409,2021-07-14 06:54:21,Matthew Hall,['BBQ Sauce'],7,83.24,Debit Card,Dallas,Convenience Store,TRUE,Senior Citizen,Fall,Discount on Selected Items
1000000410,2020-04-24 17:56:35,Thomas Green,"['Mustard', 'Bread', 'Chicken', 'Pickles', 'Bread']",9,24.26,Debit Card,New York,Convenience Store,TRUE,Homemaker,Fall,None
1000000411,2020-07-18 18:11:51,George Ruiz,"['BBQ Sauce', 'Syrup']",2,52.49,Mobile Payment,New York,Specialty Store,TRUE,Student,Summer,None
1000000412,2021-05-12 01:27:21,Cameron Garner,"['Power Strips', 'Plant Fertilizer']",7,9.6,Credit Card,Los Angeles,Specialty Store,TRUE,Retiree,Fall,Discount on Selected Items
1000000413,2023-02-10 21:43:42,Paul Clarke,"['Mustard', 'Bath Towels']",3,86.06,Debit Card,Boston,Warehouse Club,FALSE,Professional,Spring,BOGO (Buy One Get One)
1000000414,2024-04-02 07:14:07,William Randolph,['Ironing Board'],3,19.45,Credit Card,Seattle,Department Store,FALSE,Teenager,Winter,Discount on Selected Items
1000000415,2021-11-16 05:52:54,Kevin Morris,"['Dustpan', 'Soap', 'Banana', 'Shower Gel']",7,50.27,Debit Card,Chicago,Supermarket,TRUE,Homemaker,Summer,BOGO (Buy One Get One)
1000000416,2023-07-14 11:48:26,Andrew Smith,"['Soda', 'Carrots', 'Water', 'Razors', 'Cleaning Rags']",5,86.89,Cash,Houston,Department Store,FALSE,Middle-Aged,Fall,None
1000000417,2020-12-26 11:06:40,Whitney Mercado,"['Onions', 'Dishware', 'Hair Gel']",9,90.44,Credit Card,San Francisco,Supermarket,FALSE,Middle-Aged,Spring,Discount on Selected Items
1000000418,2021-10-29 22:49:22,Dennis Cruz,"['Hand Sanitizer', 'Razors']",5,50.88,Cash,Seattle,Department Store,FALSE,Middle-Aged,Fall,None
1000000419,2023-08-19 08:20:43,Kristina Mcguire,"['Apple', 'Water']",2,82.17,Credit Card,Houston,Specialty Store,FALSE,Middle-Aged,Summer,None
1000000420,2023-06-24 15:43:11,Maria Ochoa,['Baby Wipes'],3,70.21,Mobile Payment,Houston,Convenience Store,FALSE,Senior Citizen,Spring,BOGO (Buy One Get One)
1000000421,2023-09-29 15:34:31,Jeffrey Thomas,"['Baby Wipes', 'Razors', 'Feminine Hygiene Products']",4,88.19,Debit Card,Boston,Specialty Store,TRUE,Senior Citizen,Summer,BOGO (Buy One Get One)
1000000422,2021-06-08 00:59:55,Melissa Wallace,"['Hand Sanitizer', 'Onions', 'Tissues', 'Yogurt']",3,13.44,Cash,Dallas,Department Store,TRUE,Young Adult,Fall,None
1000000423,2023-03-18 05:21:31,Dawn Barnes,"['Feminine Hygiene Products', 'Olive Oil']",5,68.37,Debit Card,Dallas,Convenience Store,FALSE,Professional,Spring,None
1000000424,2020-06-01 21:09:44,Mr. Jimmy Martin MD,"['Vacuum Cleaner', 'Trash Bags', 'Sponges']",8,24.17,Mobile Payment,Dallas,Warehouse Club,TRUE,Senior Citizen,Winter,Discount on Selected Items
1000000425,2023-12-11 23:42:04,Brian Turner,"['Banana', 'Air Freshener']",3,19.69,Mobile Payment,Dallas,Pharmacy,FALSE,Student,Winter,None
1000000426,2020-08-30 01:19:38,Hannah Moss,"['Soap', 'Shampoo', 'Pancake Mix']",9,27.71,Debit Card,Atlanta,Specialty Store,TRUE,Student,Fall,None
1000000427,2022-12-05 07:09:06,Jessica Crawford,"['Canned Soup', 'Chips', 'Dishware', 'Air Freshener']",7,39.32,Debit Card,Boston,Specialty Store,TRUE,Retiree,Spring,BOGO (Buy One Get One)
1000000428,2022-04-17 04:15:55,Joseph Barrett,['Broom'],8,90.66,Cash,Los Angeles,Specialty Store,TRUE,Student,Fall,None
1000000429,2022-10-30 13:28:39,Robert Williams,"['Bread', 'Mayonnaise']",4,58.1,Debit Card,Boston,Warehouse Club,FALSE,Young Adult,Winter,Discount on Selected Items
1000000430,2020-01-20 23:29:05,Robin King,"['Eggs', 'Cheese']",8,10.01,Debit Card,Chicago,Department Store,TRUE,Professional,Fall,Discount on Selected Items
1000000431,2023-05-24 06:51:01,Michael Morris,"['Apple', 'Power Strips', 'Pickles']",3,54.84,Cash,New York,Convenience Store,FALSE,Senior Citizen,Winter,BOGO (Buy One Get One)
1000000432,2023-04-25 00:06:30,Mrs. Jessica Pennington,"['Cereal Bars', 'Rice']",8,80.58,Mobile Payment,Los Angeles,Department Store,FALSE,Young Adult,Spring,BOGO (Buy One Get One)
1000000433,2023-09-24 01:27:39,Brian Williams,"['Extension Cords', 'Soap', 'Toothpaste', 'Ice Cream']",2,93.23,Cash,Atlanta,Supermarket,FALSE,Young Adult,Fall,BOGO (Buy One Get One)
1000000434,2023-03-08 10:19:15,Tanya Jones,"['Deodorant', 'Bath Towels', 'Shaving Cream', 'Feminine Hygiene Products', 'Water']",7,17.5,Cash,Boston,Pharmacy,TRUE,Student,Summer,None
1000000435,2020-12-06 06:15:46,Greg Chandler,"['Tuna', 'Banana', 'Cleaning Rags', 'Hand Sanitizer']",1,13.97,Mobile Payment,Miami,Department Store,FALSE,Homemaker,Spring,None
1000000436,2021-09-21 12:32:03,Yvonne Garcia,['Insect Repellent'],4,89.88,Debit Card,Miami,Department Store,TRUE,Senior Citizen,Fall,None
1000000437,2020-01-06 10:44:49,Tyler Clark,"['Eggs', 'Dustpan', 'Soda']",9,50.01,Cash,Chicago,Pharmacy,FALSE,Student,Winter,None
1000000438,2020-06-15 08:10:10,Carla Arias,"['Trash Cans', 'Chips']",1,59.04,Mobile Payment,Chicago,Warehouse Club,FALSE,Student,Fall,Discount on Selected Items
1000000439,2023-12-10 03:49:23,Matthew Taylor,"['Insect Repellent', 'Vacuum Cleaner', 'Extension Cords', 'Canned Soup', 'Air Freshener']",6,5.78,Mobile Payment,Atlanta,Convenience Store,FALSE,Retiree,Summer,Discount on Selected Items
1000000440,2022-05-01 11:06:05,Angela Higgins,"['Vacuum Cleaner', 'Iron', 'Shampoo']",6,89.88,Debit Card,San Francisco,Convenience Store,FALSE,Retiree,Fall,Discount on Selected Items
1000000441,2022-06-28 16:01:37,Erin Giles,"['Salmon', 'Ironing Board', 'Hand Sanitizer', 'Milk']",1,12.66,Mobile Payment,Atlanta,Convenience Store,TRUE,Retiree,Winter,BOGO (Buy One Get One)
1000000442,2021-12-05 20:27:17,Michael Huffman,['Mop'],8,78.09,Credit Card,Houston,Warehouse Club,FALSE,Student,Fall,Discount on Selected Items
1000000443,2024-04-08 09:42:37,Paul Walls,"['Hair Gel', 'Tuna', 'Banana']",1,68.21,Cash,Chicago,Supermarket,TRUE,Student,Summer,BOGO (Buy One Get One)
1000000444,2020-02-11 17:40:30,James Henderson,"['Bread', 'Spinach', 'Trash Bags']",6,71.26,Credit Card,Boston,Supermarket,FALSE,Middle-Aged,Winter,BOGO (Buy One Get One)
1000000445,2022-06-01 01:52:34,Melanie Page,"['Baby Wipes', 'Cleaning Rags', 'Toothbrush']",9,97.06,Cash,Atlanta,Specialty Store,FALSE,Senior Citizen,Winter,BOGO (Buy One Get One)
1000000446,2023-08-30 21:47:40,Kenneth Cowan,['Peanut Butter'],6,58.42,Cash,Atlanta,Pharmacy,TRUE,Retiree,Summer,BOGO (Buy One Get One)
1000000447,2021-12-02 11:59:36,Crystal Lewis,"['Soap', 'Tuna', 'Broom', 'Mop']",9,96.59,Debit Card,Houston,Warehouse Club,FALSE,Professional,Spring,None
1000000448,2023-04-16 22:11:30,Peter Berg,"['Laundry Detergent', 'Pasta']",7,71.94,Debit Card,Dallas,Warehouse Club,TRUE,Homemaker,Winter,Discount on Selected Items
1000000449,2023-05-15 16:05:34,Deborah Richardson,"['Tuna', 'Hand Sanitizer']",3,45.73,Mobile Payment,Houston,Convenience Store,FALSE,Professional,Spring,None
1000000450,2023-03-13 18:47:40,Diane Ford,"['Pasta', 'Cleaning Rags']",5,33.03,Cash,Dallas,Supermarket,TRUE,Homemaker,Winter,None
1000000451,2023-03-25 14:23:50,Stephanie Brown,"['Soda', 'Orange']",4,62.22,Credit Card,Los Angeles,Specialty Store,TRUE,Middle-Aged,Fall,Discount on Selected Items
1000000452,2023-01-27 19:18:52,Wesley Santos,"['Diapers', 'Laundry Detergent']",8,7.86,Credit Card,Atlanta,Pharmacy,FALSE,Student,Spring,None
1000000453,2020-03-10 12:27:36,Erik Butler,"['Feminine Hygiene Products', 'Toothpaste', 'Dustpan', 'Razors']",1,61.3,Cash,Los Angeles,Supermarket,TRUE,Professional,Spring,Discount on Selected Items
1000000454,2020-10-27 22:31:34,Andrea Weeks,"['Carrots', 'Baby Wipes', 'Dustpan', 'Canned Soup']",10,45.61,Mobile Payment,New York,Pharmacy,TRUE,Young Adult,Fall,None
1000000455,2023-02-21 10:17:19,Christopher Small,"['Light Bulbs', 'Coffee']",10,71.17,Debit Card,Boston,Warehouse Club,TRUE,Professional,Summer,BOGO (Buy One Get One)
1000000456,2022-12-19 19:52:37,Hannah Baird,"['Tissues', 'Dish Soap', 'Water', 'Tissues', 'Chips']",5,51.07,Credit Card,Atlanta,Convenience Store,FALSE,Retiree,Winter,None
1000000457,2024-04-22 02:54:46,Rebecca Velazquez,['Vinegar'],2,75.97,Credit Card,Los Angeles,Department Store,FALSE,Senior Citizen,Spring,None
1000000458,2023-01-20 20:08:30,Crystal Jones,['Insect Repellent'],7,78.88,Mobile Payment,San Francisco,Supermarket,TRUE,Young Adult,Fall,None
1000000459,2020-05-21 08:59:58,Bradley Lawrence,['Chicken'],5,52.55,Credit Card,New York,Pharmacy,TRUE,Senior Citizen,Fall,None
1000000460,2022-02-21 00:37:33,Heather Hogan,"['Rice', 'Extension Cords', 'Bread']",3,71.47,Mobile Payment,Boston,Supermarket,TRUE,Student,Winter,None
1000000461,2022-12-30 07:39:24,Joseph Marquez,"['Cleaning Spray', 'Water', 'Butter', 'Baby Wipes', 'Soap']",6,96.99,Credit Card,Los Angeles,Convenience Store,FALSE,Professional,Winter,Discount on Selected Items
1000000462,2020-01-18 00:32:27,Tyler Nelson,"['Peanut Butter', 'Trash Cans', 'Banana']",7,71.68,Debit Card,Dallas,Supermarket,TRUE,Middle-Aged,Winter,BOGO (Buy One Get One)
1000000463,2021-03-21 15:51:20,Todd Vaughn,"['Hand Sanitizer', 'Deodorant', 'Coffee']",5,20.13,Debit Card,Los Angeles,Convenience Store,FALSE,Young Adult,Spring,None
1000000464,2020-02-27 21:17:26,Jose Hale,"['Canned Soup', 'Water', 'Chips', 'Toothpaste', 'Banana']",10,69.64,Debit Card,Chicago,Convenience Store,FALSE,Retiree,Winter,BOGO (Buy One Get One)
1000000465,2022-01-15 16:04:44,Collin Nash,"['BBQ Sauce', 'Chicken', 'Tuna']",10,46.18,Debit Card,Seattle,Warehouse Club,FALSE,Senior Citizen,Winter,None
1000000466,2020-01-15 12:18:05,Jeff Fowler,"['Sponges', 'Yogurt']",7,22.29,Credit Card,Chicago,Convenience Store,FALSE,Student,Winter,None
1000000467,2022-03-01 05:12:02,Benjamin Lee,['Milk'],2,17.37,Cash,Los Angeles,Pharmacy,TRUE,Homemaker,Spring,None
1000000468,2024-05-07 02:26:25,Michael Padilla,"['Beef', 'Shower Gel']",7,6.66,Credit Card,Los Angeles,Specialty Store,TRUE,Retiree,Spring,None
1000000469,2024-04-26 06:29:07,Stephanie Jackson,['Soap'],6,44.44,Credit Card,New York,Department Store,TRUE,Retiree,Winter,BOGO (Buy One Get One)
1000000470,2021-01-05 16:52:02,Thomas Mcintyre,"['Toothbrush', 'Banana', 'Pancake Mix', 'Carrots', 'Pasta']",5,33.55,Debit Card,Chicago,Warehouse Club,TRUE,Retiree,Winter,Discount on Selected Items
1000000471,2023-04-28 21:21:08,Robert Davis,"['Power Strips', 'Shower Gel']",1,35.45,Debit Card,Dallas,Specialty Store,FALSE,Student,Spring,None
1000000472,2023-12-04 13:11:29,Marc Decker,"['Mop', 'Shaving Cream']",10,60.54,Credit Card,Dallas,Pharmacy,TRUE,Senior Citizen,Fall,BOGO (Buy One Get One)
1000000473,2024-03-10 05:53:59,Shawn Morris,['Olive Oil'],2,73.89,Credit Card,Boston,Convenience Store,FALSE,Retiree,Fall,None
1000000474,2020-03-07 21:42:33,Denise Vaughan,"['Honey', 'Chips']",9,89.62,Debit Card,Miami,Convenience Store,FALSE,Young Adult,Spring,None
1000000475,2021-09-06 13:41:16,Sarah Harris,"['Cereal', 'Trash Bags', 'Iron', 'Shampoo']",1,98.52,Mobile Payment,Atlanta,Convenience Store,TRUE,Retiree,Winter,None
1000000476,2022-03-24 23:31:08,Brian Cole,"['Soap', 'Toothpaste']",8,56.83,Mobile Payment,Dallas,Convenience Store,FALSE,Retiree,Spring,Discount on Selected Items
1000000477,2021-04-04 16:24:28,Scott Jenkins,"['Iron', 'Light Bulbs', 'Pancake Mix', 'Yogurt', 'Tissues']",2,71.66,Cash,Seattle,Specialty Store,TRUE,Retiree,Spring,BOGO (Buy One Get One)
1000000478,2023-01-23 04:27:34,John Goodwin,['Mayonnaise'],9,42.88,Debit Card,Chicago,Department Store,FALSE,Middle-Aged,Spring,Discount on Selected Items
1000000479,2021-11-12 10:44:53,Ashley Ortiz,"['Cereal Bars', 'Mayonnaise', 'Mayonnaise', 'Banana']",9,65.71,Cash,Chicago,Warehouse Club,TRUE,Young Adult,Spring,BOGO (Buy One Get One)
1000000480,2023-11-27 11:11:50,Cynthia Harper,"['Trash Cans', 'Toothpaste']",6,61.61,Credit Card,Seattle,Convenience Store,TRUE,Senior Citizen,Fall,None
1000000481,2020-10-26 15:48:14,John Taylor DDS,"['Light Bulbs', 'Jam']",8,76.45,Credit Card,San Francisco,Pharmacy,FALSE,Middle-Aged,Winter,None
1000000482,2020-07-01 07:14:23,Jennifer West,"['Ketchup', 'Olive Oil', 'Lawn Mower']",9,91.0,Credit Card,Los Angeles,Warehouse Club,FALSE,Teenager,Summer,Discount on Selected Items
1000000483,2022-05-16 02:20:41,Toni Sanchez,"['Feminine Hygiene Products', 'Deodorant']",6,20.17,Debit Card,Dallas,Pharmacy,TRUE,Retiree,Spring,Discount on Selected Items
1000000484,2023-04-05 04:25:16,Ronald Mills,"['Feminine Hygiene Products', 'Plant Fertilizer', 'Spinach', 'Cleaning Spray']",1,62.0,Mobile Payment,Atlanta,Department Store,FALSE,Senior Citizen,Summer,None
1000000485,2023-10-10 08:13:50,Kevin Underwood,"['Dustpan', 'Razors', 'Mop']",1,6.93,Cash,Dallas,Supermarket,FALSE,Senior Citizen,Winter,Discount on Selected Items
1000000486,2023-01-18 09:53:23,Jason Acosta,"['Olive Oil', 'Lawn Mower', 'Toothpaste']",10,71.38,Mobile Payment,Chicago,Convenience Store,FALSE,Professional,Winter,BOGO (Buy One Get One)
1000000487,2020-06-19 01:27:07,Tracy Downs,"['Mustard', 'Cleaning Rags', 'Iron', 'Toothbrush', 'Hand Sanitizer']",4,49.72,Debit Card,San Francisco,Specialty Store,FALSE,Middle-Aged,Fall,None
1000000488,2021-03-13 05:36:50,Tracy Kerr,"['Baby Wipes', 'Insect Repellent']",7,26.82,Cash,Houston,Convenience Store,TRUE,Middle-Aged,Fall,None
1000000489,2023-12-11 23:23:12,Michelle Moreno,"['Shaving Cream', 'Air Freshener', 'Mop', 'Butter', 'Chips']",3,7.78,Mobile Payment,New York,Supermarket,FALSE,Homemaker,Summer,BOGO (Buy One Get One)
1000000490,2024-01-05 12:29:41,Douglas Schultz Jr.,"['Pasta', 'Orange', 'Extension Cords']",7,29.65,Credit Card,Seattle,Convenience Store,FALSE,Teenager,Winter,BOGO (Buy One Get One)
1000000491,2022-02-25 02:46:19,Travis Brooks,['Pickles'],2,16.76,Credit Card,Atlanta,Warehouse Club,FALSE,Retiree,Fall,Discount on Selected Items
1000000492,2021-12-10 22:09:16,Ashley Schultz,['Dish Soap'],1,69.84,Cash,Miami,Department Store,FALSE,Young Adult,Winter,None
1000000493,2021-10-07 13:59:07,James Hubbard,"['Pasta', 'Ketchup', 'Bread', 'Butter', 'Soda']",10,44.87,Credit Card,Los Angeles,Supermarket,FALSE,Teenager,Spring,BOGO (Buy One Get One)
1000000494,2024-04-05 08:44:29,Barbara Mendez MD,"['Pasta', 'Carrots', 'Butter']",3,41.59,Credit Card,Los Angeles,Department Store,FALSE,Teenager,Spring,BOGO (Buy One Get One)
1000000495,2024-01-07 02:37:45,Jonathan Spears,"['Toothpaste', 'Mustard', 'Dishware', 'Cereal Bars']",8,6.12,Cash,San Francisco,Specialty Store,TRUE,Student,Spring,None
1000000496,2023-05-27 14:08:49,Tiffany Clark,"['Mop', 'Honey', 'Iron', 'Diapers']",2,54.15,Debit Card,San Francisco,Convenience Store,TRUE,Student,Spring,None
1000000497,2020-11-24 01:16:19,Michelle Acosta,['Carrots'],7,58.57,Credit Card,Miami,Supermarket,FALSE,Student,Winter,None
1000000498,2023-07-10 05:18:14,Erica Morales,"['Ironing Board', 'Feminine Hygiene Products', 'Bath Towels', 'Jam']",2,97.37,Cash,Dallas,Specialty Store,TRUE,Student,Spring,BOGO (Buy One Get One)
1000000499,2023-11-18 04:49:34,Heather Peterson,"['Cereal Bars', 'Tomatoes', 'Toothpaste', 'Honey', 'Shampoo']",10,18.18,Cash,Seattle,Warehouse Club,FALSE,Senior Citizen,Spring,BOGO (Buy One Get One)